2;33;Del Giro;76659122-1;La Popular Pizza y Pan SPA;12157;01/10/2018;01/10/2018 10:49:55;;;0;318420;60500;378920;0;0;0;0;0;-;0;0;0;0;0;;;;0;;0;0;0;0;0;;;;0;;;;;
3;33;Del Giro;76795534-0;Brasserie CV spa;12158;01/10/2018;01/10/2018 10:52:00;02/10/2018 11:30:21;;0;26026;4945;30971;0;0;0;0;0;-;0;0;0;0;0;;;;0;;0;0;0;0;0;;;;0;;;;;
4;33;Del Giro;76145416-1;Gestora Hotelera S.P.A.;12154;01/10/2018;01/10/2018 11:11:24;;;0;305695;58082;363777;0;0;0;0;0;-;0;0;0;0;0;;;;0;;0;0;0;0;0;;;;0;;;;;
5;33;Del Giro;76145416-1;Gestora Hotelera S.P.A.;12155;01/10/2018;01/10/2018 11:11:24;;;0;1170;222;1392;0;0;0;0;0;-;0;0;0;0;0;;;;0;;0;0;0;0;0;;;;0;;;;;
6;33;Del Giro;76795534-0;Brasserie CV spa;12162;01/10/2018;01/10/2018 11:33:03;02/10/2018 11:30:25;;0;26026;4945;30971;0;0;0;0;0;-;0;0;0;0;0;;;;0;;0;0;0;0;0;;;;0;;;;;
7;33;Del Giro;76659122-1;La Popular Pizza y Pan SPA;12163;01/10/2018;01/10/2018 11:47:39;;;0;318420;60500;378920;0;0;0;0;0;-;0;0;0;0;0;;;;0;;0;0;0;0;0;;;;0;;;;;
8;33;Del Giro;76089823-6;Comercial Fortunata SPA;12164;01/10/2018;01/10/2018 12:34:49;09/10/2018 12:49:44;;0;142330;27043;169373;0;0;0;0;0;-;0;0;0;0;0;;;;0;;0;0;0;0;0;;;;0;;;;;
9;33;Del Giro;76481792-3;Helados Timaukel Spa;12159;01/10/2018;01/10/2018 12:34:49;02/10/2018 08:29:37;;0;123480;23461;146941;0;0;0;0;0;-;0;0;0;0;0;;;;0;;0;0;0;0;0;;;;0;;;;;
10;33;Del Giro;76350197-3;Godoy y Huici Gourmet Ltda.;12156;01/10/2018;01/10/2018 12:39:24;;;0;173370;32940;206310;0;0;0;0;0;-;0;0;0;0;0;;;;0;;0;0;0;0;0;;;;0;;;;;
11;33;Del Giro;76548047-7;Verde Menta Spa;12161;01/10/2018;01/10/2018 12:49:08;;;0;5940;1129;7069;0;0;0;0;0;-;0;0;0;0;0;;;;0;;0;0;0;0;0;;;;0;;;;;
12;33;Del Giro;76795534-0;Brasserie CV spa;12166;02/10/2018;02/10/2018 12:00:56;;;0;44970;8544;53514;0;0;0;0;0;-;0;0;0;0;0;;;;0;;0;0;0;0;0;;;;0;;;;;
13;33;Del Giro;76145416-1;Gestora Hotelera S.P.A.;12168;02/10/2018;02/10/2018 12:05:39;;;0;57188;10866;68054;0;0;0;0;0;-;0;0;0;0;0;;;;0;;0;0;0;0;0;;;;0;;;;;
14;33;Del Giro;76107064-9;Martika Cafe Inversiones Ltda.;12169;02/10/2018;02/10/2018 12:05:39;;;0;85692;16281;101973;0;0;0;0;0;-;0;0;0;0;0;;;;0;;0;0;0;0;0;;;;0;;;;;
15;33;Del Giro;76089823-6;Comercial Fortunata SPA;12167;02/10/2018;02/10/2018 12:27:17;03/10/2018 14:06:22;;0;235422;44730;280152;0;0;0;0;0;-;0;0;0;0;0;;;;0;;0;0;0;0;0;;;;0;;;;;
16;33;Del Giro;76450570-0;Francisco Carreño y Cia. Ltda.;12165;02/10/2018;02/10/2018 12:31:27;;;0;78130;14845;92975;0;0;0;0;0;-;0;0;0;0;0;;;;0;;0;0;0;0;0;;;;0;;;;;
17;33;Del Giro;76456687-4;Precision Eventos y Servicios Gastronomicos SPA;12170;02/10/2018;02/10/2018 12:34:18;08/10/2018 11:31:26;;0;409337;77774;487111;0;0;0;0;0;-;0;0;0;0;0;;;;0;;0;0;0;0;0;;;;0;;;;;
18;33;Del Giro;76522084-K;Inversiones Grupo CC SPA;12172;02/10/2018;02/10/2018 14:09:56;03/10/2018 12:25:16;;0;92130;17505;109635;0;0;0;0;0;-;0;0;0;0;0;;;;0;;0;0;0;0;0;;;;0;;;;;
19;33;Del Giro;76522084-K;Inversiones Grupo CC SPA;12173;02/10/2018;02/10/2018 14:09:56;03/10/2018 12:25:41;;0;13850;2632;16482;0;0;0;0;0;-;0;0;0;0;0;;;;0;;0;0;0;0;0;;;;0;;;;;
20;33;Del Giro;76522084-K;Inversiones Grupo CC SPA;12175;02/10/2018;02/10/2018 14:09:56;03/10/2018 12:24:55;;0;36715;6976;43691;0;0;0;0;0;-;0;0;0;0;0;;;;0;;0;0;0;0;0;;;;0;;;;;
21;33;Del Giro;76089823-6;Comercial Fortunata SPA;12176;03/10/2018;03/10/2018 09:30:30;;;0;130812;24854;155666;0;0;0;0;0;-;0;0;0;0;0;;;;0;;0;0;0;0;0;;;;0;;;;;
22;33;Del Giro;76450570-0;Francisco Carreño y Cia. Ltda.;12178;03/10/2018;03/10/2018 09:37:46;;;0;53580;10180;63760;0;0;0;0;0;-;0;0;0;0;0;;;;0;;0;0;0;0;0;;;;0;;;;;
23;33;Del Giro;76145416-1;Gestora Hotelera S.P.A.;12177;03/10/2018;03/10/2018 10:07:24;;;0;152610;28996;181606;0;0;0;0;0;-;0;0;0;0;0;;;;0;;0;0;0;0;0;;;;0;;;;;
24;33;Del Giro;76657314-2;Alvarez Camels Limitada;12179;03/10/2018;03/10/2018 10:14:15;;;0;21050;4000;25050;0;0;0;0;0;-;0;0;0;0;0;;;;0;;0;0;0;0;0;;;;0;;;;;
25;33;Del Giro;76350197-3;Godoy y Huici Gourmet Ltda.;12174;03/10/2018;03/10/2018 10:53:17;;;0;417680;79359;497039;0;0;0;0;0;-;0;0;0;0;0;;;;0;;0;0;0;0;0;;;;0;;;;;
26;33;Del Giro;96644100-3;Steward S. A.;12181;03/10/2018;03/10/2018 11:58:32;;;0;764147;145188;909335;0;0;0;0;0;-;0;0;0;0;52;1635;;;0;;0;0;0;0;0;;;;0;;;;;
27;33;Del Giro;96644100-3;Steward S. A.;12182;03/10/2018;03/10/2018 11:58:32;;;0;24980;4746;29726;0;0;0;0;0;-;0;0;0;0;52;1605;;;0;;0;0;0;0;0;;;;0;;;;;
28;33;Del Giro;96644100-3;Steward S. A.;12183;03/10/2018;03/10/2018 12:00:48;;;0;97145;18458;115603;0;0;0;0;0;-;0;0;0;0;52;1600;;;0;;0;0;0;0;0;;;;0;;;;;
29;33;Del Giro;96644100-3;Steward S. A.;12184;03/10/2018;03/10/2018 12:02:50;;;0;465921;88525;554446;0;0;0;0;0;-;0;0;0;0;52;1596;;;0;;0;0;0;0;0;;;;0;;;;;
30;33;Del Giro;76456687-4;Precision Eventos y Servicios Gastronomicos SPA;12180;03/10/2018;03/10/2018 12:04:50;08/10/2018 11:31:25;;0;144120;27383;171503;0;0;0;0;0;-;0;0;0;0;0;;;;0;;0;0;0;0;0;;;;0;;;;;
31;33;Del Giro;76145416-1;Gestora Hotelera S.P.A.;12185;03/10/2018;03/10/2018 12:14:48;;;0;7000;1330;8330;0;0;0;0;0;-;0;0;0;0;0;;;;0;;0;0;0;0;0;;;;0;;;;;
32;33;Del Giro;76659122-1;La Popular Pizza y Pan SPA;12171;03/10/2018;03/10/2018 12:48:29;10/10/2018 09:43:12;;0;43504;8266;51770;0;0;0;0;0;-;0;0;0;0;0;;;;0;;0;0;0;0;0;;;;0;;;;;
33;33;Del Giro;76522084-K;Inversiones Grupo CC SPA;12186;03/10/2018;03/10/2018 14:25:33;03/10/2018 14:44:58;;0;3610;686;4296;0;0;0;0;0;-;0;0;0;0;0;;;;0;;0;0;0;0;0;;;;0;;;;;
34;33;Del Giro;76548047-7;Verde Menta Spa;12187;03/10/2018;03/10/2018 14:45:49;;;0;2320;441;2761;0;0;0;0;0;-;0;0;0;0;0;;;;0;;0;0;0;0;0;;;;0;;;;;
35;33;Del Giro;76089823-6;Comercial Fortunata SPA;12189;04/10/2018;04/10/2018 10:06:49;12/10/2018 14:34:59;;0;106823;20296;127119;0;0;0;0;0;-;0;0;0;0;0;;;;0;;0;0;0;0;0;;;;0;;;;;
36;33;Del Giro;76548047-7;Verde Menta Spa;12191;04/10/2018;04/10/2018 10:06:49;;;0;7900;1501;9401;0;0;0;0;0;-;0;0;0;0;0;;;;0;;0;0;0;0;0;;;;0;;;;;
37;33;Del Giro;76450570-0;Francisco Carreño y Cia. Ltda.;12192;04/10/2018;04/10/2018 10:06:49;;;0;15540;2953;18493;0;0;0;0;0;-;0;0;0;0;0;;;;0;;0;0;0;0;0;;;;0;;;;;
38;33;Del Giro;76795534-0;Brasserie CV spa;12195;04/10/2018;04/10/2018 10:21:32;12/10/2018 14:59:07;;0;8320;1581;9901;0;0;0;0;0;-;0;0;0;0;0;;;;0;;0;0;0;0;0;;;;0;;;;;
39;33;Del Giro;76145416-1;Gestora Hotelera S.P.A.;12188;04/10/2018;04/10/2018 10:32:27;;;0;77270;14681;91951;0;0;0;0;0;-;0;0;0;0;0;;;;0;;0;0;0;0;0;;;;0;;;;;
40;33;Del Giro;76456687-4;Precision Eventos y Servicios Gastronomicos SPA;12190;04/10/2018;04/10/2018 10:38:30;08/10/2018 11:28:50;;0;204870;38925;243795;0;0;0;0;0;-;0;0;0;0;0;;;;0;;0;0;0;0;0;;;;0;;;;;
41;33;Del Giro;76522084-K;Inversiones Grupo CC SPA;12193;04/10/2018;04/10/2018 12:39:26;04/10/2018 14:25:45;;0;2600;494;3094;0;0;0;0;0;-;0;0;0;0;0;;;;0;;0;0;0;0;0;;;;0;;;;;
42;33;Del Giro;76522084-K;Inversiones Grupo CC SPA;12194;04/10/2018;04/10/2018 12:39:26;04/10/2018 14:25:11;;0;42305;8038;50343;0;0;0;0;0;-;0;0;0;0;0;;;;0;;0;0;0;0;0;;;;0;;;;;
43;33;Del Giro;76456687-4;Precision Eventos y Servicios Gastronomicos SPA;12196;04/10/2018;04/10/2018 12:57:22;08/10/2018 11:28:51;;0;22162;4211;26373;0;0;0;0;0;-;0;0;0;0;0;;;;0;;0;0;0;0;0;;;;0;;;;;
44;33;Del Giro;76659122-1;La Popular Pizza y Pan SPA;12200;05/10/2018;05/10/2018 10:05:49;10/10/2018 09:43:11;;0;193990;36858;230848;0;0;0;0;0;-;0;0;0;0;0;;;;0;;0;0;0;0;0;;;;0;;;;;
45;33;Del Giro;76107064-9;Martika Cafe Inversiones Ltda.;12201;05/10/2018;05/10/2018 10:45:27;;;0;105290;20005;125295;0;0;0;0;0;-;0;0;0;0;0;;;;0;;0;0;0;0;0;;;;0;;;;;
46;33;Del Giro;76450570-0;Francisco Carreño y Cia. Ltda.;12205;05/10/2018;05/10/2018 10:45:27;;;0;26000;4940;30940;0;0;0;0;0;-;0;0;0;0;0;;;;0;;0;0;0;0;0;;;;0;;;;;
47;33;Del Giro;76089823-6;Comercial Fortunata SPA;12198;05/10/2018;05/10/2018 10:47:33;12/10/2018 14:27:57;;0;95187;18086;113273;0;0;0;0;0;-;0;0;0;0;0;;;;0;;0;0;0;0;0;;;;0;;;;;
48;33;Del Giro;76522084-K;Inversiones Grupo CC SPA;12206;05/10/2018;05/10/2018 11:06:55;05/10/2018 12:52:35;;0;43095;8188;51283;0;0;0;0;0;-;0;0;0;0;0;;;;0;;0;0;0;0;0;;;;0;;;;;
49;33;Del Giro;76350197-3;Godoy y Huici Gourmet Ltda.;12204;05/10/2018;05/10/2018 11:06:55;;;0;124340;23625;147965;0;0;0;0;0;-;0;0;0;0;0;;;;0;;0;0;0;0;0;;;;0;;;;;
50;33;Del Giro;76657314-2;Alvarez Camels Limitada;12203;05/10/2018;05/10/2018 11:06:55;;;0;29440;5594;35034;0;0;0;0;0;-;0;0;0;0;0;;;;0;;0;0;0;0;0;;;;0;;;;;
51;33;Del Giro;76548047-7;Verde Menta Spa;12202;05/10/2018;05/10/2018 11:09:22;;;0;3720;707;4427;0;0;0;0;0;-;0;0;0;0;0;;;;0;;0;0;0;0;0;;;;0;;;;;
52;33;Del Giro;76145416-1;Gestora Hotelera S.P.A.;12197;05/10/2018;05/10/2018 11:09:22;;;0;104470;19849;124319;0;0;0;0;0;-;0;0;0;0;0;;;;0;;0;0;0;0;0;;;;0;;;;;
53;33;Del Giro;76456687-4;Precision Eventos y Servicios Gastronomicos SPA;12199;05/10/2018;05/10/2018 11:32:37;08/10/2018 11:28:50;;0;119725;22748;142473;0;0;0;0;0;-;0;0;0;0;0;;;;0;;0;0;0;0;0;;;;0;;;;;
54;33;Del Giro;76145416-1;Gestora Hotelera S.P.A.;12207;06/10/2018;06/10/2018 10:19:07;;;0;86970;16524;103494;0;0;0;0;0;-;0;0;0;0;0;;;;0;;0;0;0;0;0;;;;0;;;;;
55;33;Del Giro;76795534-0;Brasserie CV spa;12210;06/10/2018;06/10/2018 10:19:07;12/10/2018 14:59:06;;0;55673;10578;66251;0;0;0;0;0;-;0;0;0;0;0;;;;0;;0;0;0;0;0;;;;0;;;;;
56;33;Del Giro;76659122-1;La Popular Pizza y Pan SPA;12211;06/10/2018;06/10/2018 10:19:07;10/10/2018 09:42:57;;0;38550;7325;45875;0;0;0;0;0;-;0;0;0;0;0;;;;0;;0;0;0;0;0;;;;0;;;;;
57;33;Del Giro;76548047-7;Verde Menta Spa;12212;06/10/2018;06/10/2018 10:21:14;;;0;7360;1398;8758;0;0;0;0;0;-;0;0;0;0;0;;;;0;;0;0;0;0;0;;;;0;;;;;
58;33;Del Giro;76456687-4;Precision Eventos y Servicios Gastronomicos SPA;12209;06/10/2018;06/10/2018 10:21:14;08/10/2018 11:28:50;;0;440750;83743;524493;0;0;0;0;0;-;0;0;0;0;0;;;;0;;0;0;0;0;0;;;;0;;;;;
59;33;Del Giro;76450570-0;Francisco Carreño y Cia. Ltda.;12208;06/10/2018;06/10/2018 11:06:43;;;0;40100;7619;47719;0;0;0;0;0;-;0;0;0;0;0;;;;0;;0;0;0;0;0;;;;0;;;;;
60;33;Del Giro;76107064-9;Martika Cafe Inversiones Ltda.;12213;06/10/2018;06/10/2018 11:11:22;;;0;11600;2204;13804;0;0;0;0;0;-;0;0;0;0;0;;;;0;;0;0;0;0;0;;;;0;;;;;
61;33;Del Giro;76145416-1;Gestora Hotelera S.P.A.;12214;06/10/2018;06/10/2018 11:20:06;;;0;14940;2839;17779;0;0;0;0;0;-;0;0;0;0;0;;;;0;;0;0;0;0;0;;;;0;;;;;
62;33;Del Giro;76456687-4;Precision Eventos y Servicios Gastronomicos SPA;12215;06/10/2018;06/10/2018 13:29:59;08/10/2018 11:28:50;;0;50090;9517;59607;0;0;0;0;0;-;0;0;0;0;0;;;;0;;0;0;0;0;0;;;;0;;;;;
63;33;Del Giro;76456687-4;Precision Eventos y Servicios Gastronomicos SPA;12221;08/10/2018;08/10/2018 10:41:02;11/10/2018 15:00:20;;0;79180;15044;94224;0;0;0;0;0;-;0;0;0;0;0;;;;0;;0;0;0;0;0;;;;0;;;;;
64;33;Del Giro;76548047-7;Verde Menta Spa;12217;08/10/2018;08/10/2018 11:08:01;;;0;5120;973;6093;0;0;0;0;0;-;0;0;0;0;0;;;;0;;0;0;0;0;0;;;;0;;;;;
65;33;Del Giro;76089823-6;Comercial Fortunata SPA;12216;08/10/2018;08/10/2018 11:23:27;12/10/2018 14:27:57;;0;56480;10731;67211;0;0;0;0;0;-;0;0;0;0;0;;;;0;;0;0;0;0;0;;;;0;;;;;
66;33;Del Giro;76450570-0;Francisco Carreño y Cia. Ltda.;12218;08/10/2018;08/10/2018 11:23:27;;;0;44220;8402;52622;0;0;0;0;0;-;0;0;0;0;0;;;;0;;0;0;0;0;0;;;;0;;;;;
67;33;Del Giro;76089823-6;Comercial Fortunata SPA;12225;08/10/2018;08/10/2018 12:25:30;12/10/2018 14:27:57;;0;12265;2330;14595;0;0;0;0;0;-;0;0;0;0;0;;;;0;;0;0;0;0;0;;;;0;;;;;
68;33;Del Giro;76145416-1;Gestora Hotelera S.P.A.;12224;08/10/2018;08/10/2018 12:31:48;;;0;59130;11235;70365;0;0;0;0;0;-;0;0;0;0;0;;;;0;;0;0;0;0;0;;;;0;;;;;
69;33;Del Giro;76145416-1;Gestora Hotelera S.P.A.;12223;08/10/2018;08/10/2018 12:31:48;;;0;233870;44435;278305;0;0;0;0;0;-;0;0;0;0;0;;;;0;;0;0;0;0;0;;;;0;;;;;
70;33;Del Giro;76145416-1;Gestora Hotelera S.P.A.;12226;08/10/2018;08/10/2018 12:31:48;;;0;23130;4395;27525;0;0;0;0;0;-;0;0;0;0;0;;;;0;;0;0;0;0;0;;;;0;;;;;
71;33;Del Giro;72012000-3;Universidad Tecnologica de Chile;12227;08/10/2018;08/10/2018 14:37:07;;09/10/2018 11:12:40;0;295125;56074;351199;0;0;0;0;0;-;0;0;0;0;52;1653;;;0;;0;0;0;0;0;;;;0;;;;;
72;33;Del Giro;76350197-3;Godoy y Huici Gourmet Ltda.;12220;08/10/2018;08/10/2018 14:43:31;;;0;229654;43634;273288;0;0;0;0;0;-;0;0;0;0;0;;;;0;;0;0;0;0;0;;;;0;;;;;
73;33;Del Giro;76107064-9;Martika Cafe Inversiones Ltda.;12219;08/10/2018;09/10/2018 09:46:00;;;0;70660;13425;84085;0;0;0;0;0;-;0;0;0;0;0;;;;0;;0;0;0;0;0;;;;0;;;;;
74;33;Del Giro;76659122-1;La Popular Pizza y Pan SPA;12233;09/10/2018;09/10/2018 11:17:11;10/10/2018 09:42:56;;0;225280;42803;268083;0;0;0;0;0;-;0;0;0;0;0;;;;0;;0;0;0;0;0;;;;0;;;;;
75;33;Del Giro;76659122-1;La Popular Pizza y Pan SPA;12234;09/10/2018;09/10/2018 11:17:11;10/10/2018 09:42:56;;0;11608;2205;13813;0;0;0;0;0;-;0;0;0;0;0;;;;0;;0;0;0;0;0;;;;0;;;;;
76;33;Del Giro;76089823-6;Comercial Fortunata SPA;12228;09/10/2018;09/10/2018 11:19:58;;;0;194945;37040;231985;0;0;0;0;0;-;0;0;0;0;0;;;;0;;0;0;0;0;0;;;;0;;;;;
77;33;Del Giro;76145416-1;Gestora Hotelera S.P.A.;12229;09/10/2018;09/10/2018 13:28:20;;;0;97370;18500;115870;0;0;0;0;0;-;0;0;0;0;0;;;;0;;0;0;0;0;0;;;;0;;;;;
78;33;Del Giro;76795534-0;Brasserie CV spa;12240;09/10/2018;09/10/2018 13:51:05;12/10/2018 14:59:06;;0;9930;1887;11817;0;0;0;0;0;-;0;0;0;0;0;;;;0;;0;0;0;0;0;;;;0;;;;;
79;33;Del Giro;7342561-1;Gloria De la Barrera Trucco;12232;09/10/2018;09/10/2018 13:51:05;;;0;21590;4102;25692;0;0;0;0;0;-;0;0;0;0;0;;;;0;;0;0;0;0;0;;;;0;;;;;
80;33;Del Giro;76481792-3;Helados Timaukel Spa;12222;09/10/2018;09/10/2018 13:55:51;11/10/2018 08:19:22;;0;125750;23893;149643;0;0;0;0;0;-;0;0;0;0;0;;;;0;;0;0;0;0;0;;;;0;;;;;
81;33;Del Giro;76450570-0;Francisco Carreño y Cia. Ltda.;12235;09/10/2018;09/10/2018 14:00:41;;;0;36670;6967;43637;0;0;0;0;0;-;0;0;0;0;0;;;;0;;0;0;0;0;0;;;;0;;;;;
82;33;Del Giro;76456687-4;Precision Eventos y Servicios Gastronomicos SPA;12230;09/10/2018;09/10/2018 14:32:15;11/10/2018 15:00:20;;0;295555;56155;351710;0;0;0;0;0;-;0;0;0;0;0;;;;0;;0;0;0;0;0;;;;0;;;;;
83;33;Del Giro;76456687-4;Precision Eventos y Servicios Gastronomicos SPA;12231;09/10/2018;09/10/2018 14:32:15;11/10/2018 15:00:20;;0;341835;64949;406784;0;0;0;0;0;-;0;0;0;0;0;;;;0;;0;0;0;0;0;;;;0;;;;;
84;33;Del Giro;76522084-K;Inversiones Grupo CC SPA;12236;09/10/2018;09/10/2018 14:35:32;16/10/2018 12:06:41;;0;53600;10184;63784;0;0;0;0;0;-;0;0;0;0;0;;;;0;;0;0;0;0;0;;;;0;;;;;
85;33;Del Giro;76522084-K;Inversiones Grupo CC SPA;12237;09/10/2018;09/10/2018 14:40:39;16/10/2018 12:02:41;;0;129160;24540;153700;0;0;0;0;0;-;0;0;0;0;0;;;;0;;0;0;0;0;0;;;;0;;;;;
86;33;Del Giro;76522084-K;Inversiones Grupo CC SPA;12238;09/10/2018;09/10/2018 14:40:39;16/10/2018 12:03:16;;0;7620;1448;9068;0;0;0;0;0;-;0;0;0;0;0;;;;0;;0;0;0;0;0;;;;0;;;;;
87;33;Del Giro;76657314-2;Alvarez Camels Limitada;12239;09/10/2018;09/10/2018 14:43:49;;;0;19530;3711;23241;0;0;0;0;0;-;0;0;0;0;0;;;;0;;0;0;0;0;0;;;;0;;;;;
88;33;Del Giro;76548047-7;Verde Menta Spa;12242;10/10/2018;10/10/2018 07:27:00;;;0;3140;597;3737;0;0;0;0;0;-;0;0;0;0;0;;;;0;;0;0;0;0;0;;;;0;;;;;
89;33;Del Giro;76659122-1;La Popular Pizza y Pan SPA;12243;10/10/2018;10/10/2018 07:33:38;10/10/2018 09:42:56;;0;212970;40464;253434;0;0;0;0;0;-;0;0;0;0;0;;;;0;;0;0;0;0;0;;;;0;;;;;
90;33;Del Giro;76456687-4;Precision Eventos y Servicios Gastronomicos SPA;12246;10/10/2018;10/10/2018 10:03:57;16/10/2018 19:05:15;;0;30960;5882;36842;0;0;0;0;0;-;0;0;0;0;0;;;;0;;0;0;0;0;0;;;;0;;;;;
91;33;Del Giro;76089823-6;Comercial Fortunata SPA;12244;10/10/2018;10/10/2018 10:52:06;;;0;67416;12809;80225;0;0;0;0;0;-;0;0;0;0;0;;;;0;;0;0;0;0;0;;;;0;;;;;
92;33;Del Giro;76145416-1;Gestora Hotelera S.P.A.;12245;10/10/2018;10/10/2018 11:00:16;;;0;104270;19811;124081;0;0;0;0;0;-;0;0;0;0;0;;;;0;;0;0;0;0;0;;;;0;;;;;
93;33;Del Giro;76456687-4;Precision Eventos y Servicios Gastronomicos SPA;12247;10/10/2018;10/10/2018 11:24:50;16/10/2018 19:05:15;;0;31878;6057;37935;0;0;0;0;0;-;0;0;0;0;0;;;;0;;0;0;0;0;0;;;;0;;;;;
94;33;Del Giro;76795534-0;Brasserie CV spa;12248;10/10/2018;10/10/2018 11:31:14;12/10/2018 14:59:06;;0;17500;3325;20825;0;0;0;0;0;-;0;0;0;0;0;;;;0;;0;0;0;0;0;;;;0;;;;;
95;33;Del Giro;76657314-2;Alvarez Camels Limitada;12249;10/10/2018;10/10/2018 11:35:25;;;0;3500;665;4165;0;0;0;0;0;-;0;0;0;0;0;;;;0;;0;0;0;0;0;;;;0;;;;;
96;33;Del Giro;76456687-4;Precision Eventos y Servicios Gastronomicos SPA;12250;10/10/2018;10/10/2018 11:46:15;16/10/2018 19:05:15;;0;29330;5573;34903;0;0;0;0;0;-;0;0;0;0;0;;;;0;;0;0;0;0;0;;;;0;;;;;
97;33;Del Giro;76107064-9;Martika Cafe Inversiones Ltda.;12258;11/10/2018;11/10/2018 09:57:56;;;0;35970;6834;42804;0;0;0;0;0;-;0;0;0;0;0;;;;0;;0;0;0;0;0;;;;0;;;;;
98;33;Del Giro;76456687-4;Precision Eventos y Servicios Gastronomicos SPA;12252;11/10/2018;11/10/2018 10:01:04;;16/10/2018 19:05:52;0;139775;26557;166332;0;0;0;0;0;-;0;0;0;0;0;;;;0;;0;0;0;0;0;;;;0;;;;;
99;33;Del Giro;76456687-4;Precision Eventos y Servicios Gastronomicos SPA;12259;11/10/2018;11/10/2018 10:03:22;16/10/2018 19:05:15;;0;139775;26557;166332;0;0;0;0;0;-;0;0;0;0;0;;;;0;;0;0;0;0;0;;;;0;;;;;
100;33;Del Giro;76107064-9;Martika Cafe Inversiones Ltda.;12260;11/10/2018;11/10/2018 10:03:22;;;0;35970;6834;42804;0;0;0;0;0;-;0;0;0;0;0;;;;0;;0;0;0;0;0;;;;0;;;;;
101;33;Del Giro;76099380-8;Agrocomercial APG Ltda.;12241;11/10/2018;11/10/2018 10:26:38;;;0;2520150;478829;2998979;0;0;0;0;0;-;0;0;0;0;0;;;;0;;0;0;0;0;0;;;;0;;;;;
102;33;Del Giro;76659122-1;La Popular Pizza y Pan SPA;12262;11/10/2018;11/10/2018 10:48:31;16/10/2018 08:37:04;;0;14160;2690;16850;0;0;0;0;0;-;0;0;0;0;0;;;;0;;0;0;0;0;0;;;;0;;;;;
103;33;Del Giro;76548047-7;Verde Menta Spa;12256;11/10/2018;11/10/2018 10:48:31;;;0;4300;817;5117;0;0;0;0;0;-;0;0;0;0;0;;;;0;;0;0;0;0;0;;;;0;;;;;
104;33;Del Giro;76450570-0;Francisco Carreño y Cia. Ltda.;12255;11/10/2018;11/10/2018 10:48:31;;;0;32500;6175;38675;0;0;0;0;0;-;0;0;0;0;0;;;;0;;0;0;0;0;0;;;;0;;;;;
105;33;Del Giro;76089823-6;Comercial Fortunata SPA;12254;11/10/2018;11/10/2018 10:48:31;19/10/2018 11:09:57;;0;93615;17787;111402;0;0;0;0;0;-;0;0;0;0;0;;;;0;;0;0;0;0;0;;;;0;;;;;
106;33;Del Giro;76145416-1;Gestora Hotelera S.P.A.;12253;11/10/2018;11/10/2018 10:48:31;;;0;182368;34650;217018;0;0;0;0;0;-;0;0;0;0;0;;;;0;;0;0;0;0;0;;;;0;;;;;
107;33;Del Giro;76350197-3;Godoy y Huici Gourmet Ltda.;12251;11/10/2018;11/10/2018 10:52:10;;;0;364930;69337;434267;0;0;0;0;0;-;0;0;0;0;0;;;;0;;0;0;0;0;0;;;;0;;;;;
108;33;Del Giro;76657314-2;Alvarez Camels Limitada;12257;11/10/2018;11/10/2018 12:49:45;;;0;30230;5744;35974;0;0;0;0;0;-;0;0;0;0;0;;;;0;;0;0;0;0;0;;;;0;;;;;
109;33;Del Giro;76659122-1;La Popular Pizza y Pan SPA;12265;12/10/2018;12/10/2018 09:46:59;16/10/2018 08:37:03;;0;278367;52890;331257;0;0;0;0;0;-;0;0;0;0;0;;;;0;;0;0;0;0;0;;;;0;;;;;
110;33;Del Giro;76089823-6;Comercial Fortunata SPA;12263;12/10/2018;12/10/2018 10:14:31;19/10/2018 11:09:56;;0;62930;11957;74887;0;0;0;0;0;-;0;0;0;0;0;;;;0;;0;0;0;0;0;;;;0;;;;;
111;33;Del Giro;76145416-1;Gestora Hotelera S.P.A.;12261;12/10/2018;12/10/2018 10:14:31;;;0;76160;14470;90630;0;0;0;0;0;-;0;0;0;0;0;;;;0;;0;0;0;0;0;;;;0;;;;;
112;33;Del Giro;76450570-0;Francisco Carreño y Cia. Ltda.;12264;12/10/2018;12/10/2018 10:19:22;;;0;51340;9755;61095;0;0;0;0;0;-;0;0;0;0;0;;;;0;;0;0;0;0;0;;;;0;;;;;
113;33;Del Giro;76456687-4;Precision Eventos y Servicios Gastronomicos SPA;12266;12/10/2018;12/10/2018 10:27:03;16/10/2018 19:05:14;;0;98660;18745;117405;0;0;0;0;0;-;0;0;0;0;0;;;;0;;0;0;0;0;0;;;;0;;;;;
114;33;Del Giro;76657314-2;Alvarez Camels Limitada;12267;12/10/2018;12/10/2018 11:52:50;;;0;22730;4319;27049;0;0;0;0;0;-;0;0;0;0;0;;;;0;;0;0;0;0;0;;;;0;;;;;
115;33;Del Giro;76522084-K;Inversiones Grupo CC SPA;12268;12/10/2018;12/10/2018 11:59:08;16/10/2018 11:57:28;;0;39485;7502;46987;0;0;0;0;0;-;0;0;0;0;0;;;;0;;0;0;0;0;0;;;;0;;;;;
116;33;Del Giro;76089823-6;Comercial Fortunata SPA;12270;13/10/2018;13/10/2018 08:49:30;;;0;6630;1260;7890;0;0;0;0;0;-;0;0;0;0;0;;;;0;;0;0;0;0;0;;;;0;;;;;
117;33;Del Giro;76450570-0;Francisco Carreño y Cia. Ltda.;12271;13/10/2018;13/10/2018 08:52:58;;;0;61775;11737;73512;0;0;0;0;0;-;0;0;0;0;0;;;;0;;0;0;0;0;0;;;;0;;;;;
118;33;Del Giro;76522084-K;Inversiones Grupo CC SPA;12272;13/10/2018;13/10/2018 08:58:16;16/10/2018 11:55:34;;0;5220;992;6212;0;0;0;0;0;-;0;0;0;0;0;;;;0;;0;0;0;0;0;;;;0;;;;;
119;33;Del Giro;76107064-9;Martika Cafe Inversiones Ltda.;12273;13/10/2018;13/10/2018 09:18:19;;;0;100490;19093;119583;0;0;0;0;0;-;0;0;0;0;0;;;;0;;0;0;0;0;0;;;;0;;;;;
120;33;Del Giro;76657314-2;Alvarez Camels Limitada;12274;13/10/2018;13/10/2018 09:18:19;;;0;56080;10655;66735;0;0;0;0;0;-;0;0;0;0;0;;;;0;;0;0;0;0;0;;;;0;;;;;
121;33;Del Giro;76145416-1;Gestora Hotelera S.P.A.;12269;13/10/2018;13/10/2018 09:18:19;;;0;48940;9299;58239;0;0;0;0;0;-;0;0;0;0;0;;;;0;;0;0;0;0;0;;;;0;;;;;
122;33;Del Giro;76099380-8;Agrocomercial APG Ltda.;12275;13/10/2018;13/10/2018 11:24:06;;;0;2503360;475638;2978998;0;0;0;0;0;-;0;0;0;0;52;1624;;;0;;0;0;0;0;0;;;;0;;;;;
123;33;Del Giro;96883210-7;Estadio Español Servicios S.A.;12276;13/10/2018;13/10/2018 12:31:00;18/10/2018 12:45:40;;0;65800;12502;78302;0;0;0;0;0;-;0;0;0;0;0;;;;0;;0;0;0;0;0;;;;0;;;;;
124;33;Del Giro;76659122-1;La Popular Pizza y Pan SPA;12284;16/10/2018;16/10/2018 10:51:46;24/10/2018 11:38:50;;0;229060;43521;272581;0;0;0;0;0;-;0;0;0;0;0;;;;0;;0;0;0;0;0;;;;0;;;;;
125;33;Del Giro;76469885-1;Coffe And Me SPA;12289;16/10/2018;16/10/2018 10:51:46;;;0;22480;4271;26751;0;0;0;0;0;-;0;0;0;0;0;;;;0;;0;0;0;0;0;;;;0;;;;;
126;33;Del Giro;76456687-4;Precision Eventos y Servicios Gastronomicos SPA;12280;16/10/2018;16/10/2018 11:50:48;23/10/2018 07:56:04;;0;69116;13132;82248;0;0;0;0;0;-;0;0;0;0;0;;;;0;;0;0;0;0;0;;;;0;;;;;
127;33;Del Giro;76450570-0;Francisco Carreño y Cia. Ltda.;12286;16/10/2018;16/10/2018 11:53:54;;;0;34965;6643;41608;0;0;0;0;0;-;0;0;0;0;0;;;;0;;0;0;0;0;0;;;;0;;;;;
128;33;Del Giro;76089823-6;Comercial Fortunata SPA;12277;16/10/2018;16/10/2018 11:56:28;22/10/2018 16:25:36;;0;196450;37326;233776;0;0;0;0;0;-;0;0;0;0;0;;;;0;;0;0;0;0;0;;;;0;;;;;
129;33;Del Giro;76548047-7;Verde Menta Spa;12281;16/10/2018;16/10/2018 12:07:27;;;0;3380;642;4022;0;0;0;0;0;-;0;0;0;0;0;;;;0;;0;0;0;0;0;;;;0;;;;;
130;33;Del Giro;96883210-7;Estadio Español Servicios S.A.;12279;16/10/2018;16/10/2018 13:16:55;19/10/2018 19:37:43;;0;71700;13623;85323;0;0;0;0;0;-;0;0;0;0;0;;;;0;;0;0;0;0;0;;;;0;;;;;
131;33;Del Giro;76481792-3;Helados Timaukel Spa;12282;16/10/2018;16/10/2018 13:16:55;18/10/2018 15:50:04;;0;82200;15618;97818;0;0;0;0;0;-;0;0;0;0;0;;;;0;;0;0;0;0;0;;;;0;;;;;
132;33;Del Giro;76350197-3;Godoy y Huici Gourmet Ltda.;12283;16/10/2018;16/10/2018 13:16:55;;;0;118880;22587;141467;0;0;0;0;0;-;0;0;0;0;0;;;;0;;0;0;0;0;0;;;;0;;;;;
133;33;Del Giro;76107064-9;Martika Cafe Inversiones Ltda.;12285;16/10/2018;16/10/2018 13:19:54;;;0;31220;5932;37152;0;0;0;0;0;-;0;0;0;0;0;;;;0;;0;0;0;0;0;;;;0;;;;;
134;33;Del Giro;76657314-2;Alvarez Camels Limitada;12287;16/10/2018;16/10/2018 13:19:54;;;0;23390;4444;27834;0;0;0;0;0;-;0;0;0;0;0;;;;0;;0;0;0;0;0;;;;0;;;;;
135;33;Del Giro;76522084-K;Inversiones Grupo CC SPA;12290;16/10/2018;16/10/2018 13:22:29;17/10/2018 12:17:32;;0;90910;17273;108183;0;0;0;0;0;-;0;0;0;0;0;;;;0;;0;0;0;0;0;;;;0;;;;;
136;33;Del Giro;76522084-K;Inversiones Grupo CC SPA;12291;16/10/2018;16/10/2018 13:22:29;17/10/2018 12:16:58;;0;29450;5596;35046;0;0;0;0;0;-;0;0;0;0;0;;;;0;;0;0;0;0;0;;;;0;;;;;
137;33;Del Giro;76522084-K;Inversiones Grupo CC SPA;12292;16/10/2018;16/10/2018 13:24:45;17/10/2018 12:16:32;;0;20710;3935;24645;0;0;0;0;0;-;0;0;0;0;0;;;;0;;0;0;0;0;0;;;;0;;;;;
138;33;Del Giro;76522084-K;Inversiones Grupo CC SPA;12293;16/10/2018;16/10/2018 13:26:50;17/10/2018 12:19:00;;0;98110;18641;116751;0;0;0;0;0;-;0;0;0;0;0;;;;0;;0;0;0;0;0;;;;0;;;;;
139;33;Del Giro;76795534-0;Brasserie CV spa;12278;16/10/2018;16/10/2018 13:47:03;;;0;38662;7346;46008;0;0;0;0;0;-;0;0;0;0;0;;;;0;;0;0;0;0;0;;;;0;;;;;
140;33;Del Giro;76145416-1;Gestora Hotelera S.P.A.;12288;16/10/2018;16/10/2018 13:59:41;;;0;163115;30992;194107;0;0;0;0;0;-;0;0;0;0;0;;;;0;;0;0;0;0;0;;;;0;;;;;
141;33;Del Giro;76350197-3;Godoy y Huici Gourmet Ltda.;12298;17/10/2018;17/10/2018 09:30:19;;;0;27980;5316;33296;0;0;0;0;0;-;0;0;0;0;0;;;;0;;0;0;0;0;0;;;;0;;;;;
142;33;Del Giro;76089823-6;Comercial Fortunata SPA;12300;17/10/2018;17/10/2018 10:34:18;22/10/2018 16:05:54;;0;35760;6794;42554;0;0;0;0;0;-;0;0;0;0;0;;;;0;;0;0;0;0;0;;;;0;;;;;
143;33;Del Giro;76456687-4;Precision Eventos y Servicios Gastronomicos SPA;12302;17/10/2018;17/10/2018 10:55:42;23/10/2018 07:55:27;;0;23430;4452;27882;0;0;0;0;0;-;0;0;0;0;0;;;;0;;0;0;0;0;0;;;;0;;;;;
144;33;Del Giro;76456687-4;Precision Eventos y Servicios Gastronomicos SPA;12301;17/10/2018;17/10/2018 10:55:42;23/10/2018 07:55:27;;0;239895;45580;285475;0;0;0;0;0;-;0;0;0;0;0;;;;0;;0;0;0;0;0;;;;0;;;;;
145;33;Del Giro;76145416-1;Gestora Hotelera S.P.A.;12299;17/10/2018;17/10/2018 10:57:51;;;0;183040;34778;217818;0;0;0;0;0;-;0;0;0;0;0;;;;0;;0;0;0;0;0;;;;0;;;;;
146;33;Del Giro;76450570-0;Francisco Carreño y Cia. Ltda.;12297;17/10/2018;17/10/2018 10:57:51;;;0;53180;10104;63284;0;0;0;0;0;-;0;0;0;0;0;;;;0;;0;0;0;0;0;;;;0;;;;;
147;33;Del Giro;76350197-3;Godoy y Huici Gourmet Ltda.;12304;17/10/2018;17/10/2018 11:04:20;;;0;81000;15390;96390;0;0;0;0;0;-;0;0;0;0;0;;;;0;;0;0;0;0;0;;;;0;;;;;
148;33;Del Giro;76522084-K;Inversiones Grupo CC SPA;12306;17/10/2018;17/10/2018 11:17:09;17/10/2018 12:06:46;;0;4410;838;5248;0;0;0;0;0;-;0;0;0;0;0;;;;0;;0;0;0;0;0;;;;0;;;;;
149;33;Del Giro;76522084-K;Inversiones Grupo CC SPA;12307;17/10/2018;17/10/2018 11:17:09;17/10/2018 12:13:48;;0;3250;618;3868;0;0;0;0;0;-;0;0;0;0;0;;;;0;;0;0;0;0;0;;;;0;;;;;
150;33;Del Giro;76107064-9;Martika Cafe Inversiones Ltda.;12296;17/10/2018;17/10/2018 11:21:19;;;0;4190;796;4986;0;0;0;0;0;-;0;0;0;0;0;;;;0;;0;0;0;0;0;;;;0;;;;;
151;33;Del Giro;76657314-2;Alvarez Camels Limitada;12308;17/10/2018;17/10/2018 12:11:02;;;0;2600;494;3094;0;0;0;0;0;-;0;0;0;0;0;;;;0;;0;0;0;0;0;;;;0;;;;;
152;33;Del Giro;76456687-4;Precision Eventos y Servicios Gastronomicos SPA;12305;17/10/2018;17/10/2018 12:11:02;23/10/2018 07:56:03;;0;33460;6357;39817;0;0;0;0;0;-;0;0;0;0;0;;;;0;;0;0;0;0;0;;;;0;;;;;
153;33;Del Giro;76450570-0;Francisco Carreño y Cia. Ltda.;12309;17/10/2018;17/10/2018 12:37:08;;;0;17500;3325;20825;0;0;0;0;0;-;0;0;0;0;0;;;;0;;0;0;0;0;0;;;;0;;;;;
154;33;Del Giro;76659122-1;La Popular Pizza y Pan SPA;12294;17/10/2018;17/10/2018 12:57:30;24/10/2018 11:38:50;;0;21500;4085;25585;0;0;0;0;0;-;0;0;0;0;0;;;;0;;0;0;0;0;0;;;;0;;;;;
155;33;Del Giro;76795534-0;Brasserie CV spa;12295;17/10/2018;17/10/2018 13:00:07;;;0;14852;2822;17674;0;0;0;0;0;-;0;0;0;0;0;;;;0;;0;0;0;0;0;;;;0;;;;;
156;33;Del Giro;76795534-0;Brasserie CV spa;12313;18/10/2018;18/10/2018 09:20:51;;;0;4400;836;5236;0;0;0;0;0;-;0;0;0;0;0;;;;0;;0;0;0;0;0;;;;0;;;;;
157;33;Del Giro;76659122-1;La Popular Pizza y Pan SPA;12312;18/10/2018;18/10/2018 09:20:51;24/10/2018 11:38:49;;0;6340;1205;7545;0;0;0;0;0;-;0;0;0;0;0;;;;0;;0;0;0;0;0;;;;0;;;;;
158;33;Del Giro;76145416-1;Gestora Hotelera S.P.A.;12310;18/10/2018;18/10/2018 09:47:57;;;0;105010;19952;124962;0;0;0;0;0;-;0;0;0;0;0;;;;0;;0;0;0;0;0;;;;0;;;;;
159;33;Del Giro;76456687-4;Precision Eventos y Servicios Gastronomicos SPA;12314;18/10/2018;18/10/2018 09:47:57;23/10/2018 07:54:05;;0;8256;1569;9825;0;0;0;0;0;-;0;0;0;0;0;;;;0;;0;0;0;0;0;;;;0;;;;;
160;33;Del Giro;76089823-6;Comercial Fortunata SPA;12315;18/10/2018;18/10/2018 09:49:54;22/10/2018 16:05:50;;0;15390;2924;18314;0;0;0;0;0;-;0;0;0;0;0;;;;0;;0;0;0;0;0;;;;0;;;;;
161;33;Del Giro;76450570-0;Francisco Carreño y Cia. Ltda.;12316;18/10/2018;18/10/2018 09:49:54;;;0;16260;3089;19349;0;0;0;0;0;-;0;0;0;0;0;;;;0;;0;0;0;0;0;;;;0;;;;;
162;33;Del Giro;76350197-3;Godoy y Huici Gourmet Ltda.;12311;18/10/2018;18/10/2018 09:54:07;;;0;124870;23725;148595;0;0;0;0;0;-;0;0;0;0;0;;;;0;;0;0;0;0;0;;;;0;;;;;
163;33;Del Giro;76456687-4;Precision Eventos y Servicios Gastronomicos SPA;12317;18/10/2018;18/10/2018 11:54:09;23/10/2018 07:55:27;;0;70536;13402;83938;0;0;0;0;0;-;0;0;0;0;0;;;;0;;0;0;0;0;0;;;;0;;;;;
164;33;Del Giro;76456687-4;Precision Eventos y Servicios Gastronomicos SPA;12318;18/10/2018;18/10/2018 12:47:08;23/10/2018 07:54:05;;0;99600;18924;118524;0;0;0;0;0;-;0;0;0;0;0;;;;0;;0;0;0;0;0;;;;0;;;;;
165;33;Del Giro;76145416-1;Gestora Hotelera S.P.A.;12322;19/10/2018;19/10/2018 11:24:08;;;0;207750;39473;247223;0;0;0;0;0;-;0;0;0;0;0;;;;0;;0;0;0;0;0;;;;0;;;;;
166;33;Del Giro;76456687-4;Precision Eventos y Servicios Gastronomicos SPA;12320;19/10/2018;19/10/2018 11:42:25;23/10/2018 07:55:26;;0;318410;60498;378908;0;0;0;0;0;-;0;0;0;0;0;;;;0;;0;0;0;0;0;;;;0;;;;;
167;33;Del Giro;76456687-4;Precision Eventos y Servicios Gastronomicos SPA;12321;19/10/2018;19/10/2018 11:42:25;23/10/2018 07:54:05;;0;191285;36344;227629;0;0;0;0;0;-;0;0;0;0;0;;;;0;;0;0;0;0;0;;;;0;;;;;
168;33;Del Giro;76659122-1;La Popular Pizza y Pan SPA;12319;19/10/2018;19/10/2018 11:46:29;24/10/2018 11:38:33;;0;205270;39001;244271;0;0;0;0;0;-;0;0;0;0;0;;;;0;;0;0;0;0;0;;;;0;;;;;
169;33;Del Giro;76857788-9;Inversiones Gastronomicas Mangiare SPA.;12324;19/10/2018;19/10/2018 11:46:29;;;0;90025;17105;107130;0;0;0;0;0;-;0;0;0;0;0;;;;0;;0;0;0;0;0;;;;0;;;;;
170;33;Del Giro;76350197-3;Godoy y Huici Gourmet Ltda.;12328;19/10/2018;19/10/2018 11:58:31;;;0;57960;11012;68972;0;0;0;0;0;-;0;0;0;0;0;;;;0;;0;0;0;0;0;;;;0;;;;;
171;33;Del Giro;76548047-7;Verde Menta Spa;12327;19/10/2018;19/10/2018 12:00:39;;;0;3720;707;4427;0;0;0;0;0;-;0;0;0;0;0;;;;0;;0;0;0;0;0;;;;0;;;;;
172;33;Del Giro;76089823-6;Comercial Fortunata SPA;12326;19/10/2018;19/10/2018 12:00:39;;;0;6630;1260;7890;0;0;0;0;0;-;0;0;0;0;0;;;;0;;0;0;0;0;0;;;;0;;;;;
173;33;Del Giro;76450570-0;Francisco Carreño y Cia. Ltda.;12325;19/10/2018;19/10/2018 12:00:39;;;0;52730;10019;62749;0;0;0;0;0;-;0;0;0;0;0;;;;0;;0;0;0;0;0;;;;0;;;;;
174;33;Del Giro;76657314-2;Alvarez Camels Limitada;12330;19/10/2018;19/10/2018 12:20:58;;;0;23500;4465;27965;0;0;0;0;0;-;0;0;0;0;0;;;;0;;0;0;0;0;0;;;;0;;;;;
175;33;Del Giro;76107064-9;Martika Cafe Inversiones Ltda.;12323;19/10/2018;19/10/2018 12:48:56;;;0;25280;4803;30083;0;0;0;0;0;-;0;0;0;0;0;;;;0;;0;0;0;0;0;;;;0;;;;;
176;33;Del Giro;76522084-K;Inversiones Grupo CC SPA;12332;19/10/2018;19/10/2018 13:33:38;19/10/2018 14:32:53;;0;45750;8693;54443;0;0;0;0;0;-;0;0;0;0;0;;;;0;;0;0;0;0;0;;;;0;;;;;
177;33;Del Giro;76522084-K;Inversiones Grupo CC SPA;12331;19/10/2018;19/10/2018 13:33:38;19/10/2018 14:32:31;;0;26340;5005;31345;0;0;0;0;0;-;0;0;0;0;0;;;;0;;0;0;0;0;0;;;;0;;;;;
178;33;Del Giro;96883210-7;Estadio Español Servicios S.A.;12329;19/10/2018;19/10/2018 14:36:59;23/10/2018 17:28:39;;0;215000;40850;255850;0;0;0;0;0;-;0;0;0;0;0;;;;0;;0;0;0;0;0;;;;0;;;;;
179;33;Del Giro;76099380-8;Agrocomercial APG Ltda.;12333;19/10/2018;19/10/2018 16:19:13;;;0;2545500;483645;3029145;0;0;0;0;0;-;0;0;0;0;52;1671;;;0;;0;0;0;0;0;;;;0;;;;;
180;33;Del Giro;76107064-9;Martika Cafe Inversiones Ltda.;12335;20/10/2018;20/10/2018 10:14:02;;;0;40335;7664;47999;0;0;0;0;0;-;0;0;0;0;0;;;;0;;0;0;0;0;0;;;;0;;;;;
181;33;Del Giro;76657314-2;Alvarez Camels Limitada;12338;20/10/2018;20/10/2018 10:14:02;;;0;61550;11695;73245;0;0;0;0;0;-;0;0;0;0;0;;;;0;;0;0;0;0;0;;;;0;;;;;
182;33;Del Giro;76456687-4;Precision Eventos y Servicios Gastronomicos SPA;12337;20/10/2018;20/10/2018 10:48:19;23/10/2018 07:54:04;;0;88550;16825;105375;0;0;0;0;0;-;0;0;0;0;0;;;;0;;0;0;0;0;0;;;;0;;;;;
183;33;Del Giro;76145416-1;Gestora Hotelera S.P.A.;12334;20/10/2018;20/10/2018 10:48:19;;;0;112250;21328;133578;0;0;0;0;0;-;0;0;0;0;0;;;;0;;0;0;0;0;0;;;;0;;;;;
184;33;Del Giro;76522084-K;Inversiones Grupo CC SPA;12336;20/10/2018;20/10/2018 10:51:33;22/10/2018 10:43:11;;0;10400;1976;12376;0;0;0;0;0;-;0;0;0;0;0;;;;0;;0;0;0;0;0;;;;0;;;;;
185;33;Del Giro;76450570-0;Francisco Carreño y Cia. Ltda.;12339;20/10/2018;20/10/2018 10:51:33;;;0;97320;18491;115811;0;0;0;0;0;-;0;0;0;0;0;;;;0;;0;0;0;0;0;;;;0;;;;;
186;33;Del Giro;76795534-0;Brasserie CV spa;12340;22/10/2018;22/10/2018 10:15:02;;;0;52530;9981;62511;0;0;0;0;0;-;0;0;0;0;0;;;;0;;0;0;0;0;0;;;;0;;;;;
187;33;Del Giro;76548047-7;Verde Menta Spa;12342;22/10/2018;22/10/2018 10:15:02;;;0;2808;533;3341;0;0;0;0;0;-;0;0;0;0;0;;;;0;;0;0;0;0;0;;;;0;;;;;
188;33;Del Giro;76469885-1;Coffe And Me SPA;12344;22/10/2018;22/10/2018 10:22:04;;;0;24580;4670;29250;0;0;0;0;0;-;0;0;0;0;0;;;;0;;0;0;0;0;0;;;;0;;;;;
189;33;Del Giro;76350197-3;Godoy y Huici Gourmet Ltda.;12343;22/10/2018;22/10/2018 10:22:04;;;0;152985;29067;182052;0;0;0;0;0;-;0;0;0;0;0;;;;0;;0;0;0;0;0;;;;0;;;;;
190;33;Del Giro;76089823-6;Comercial Fortunata SPA;12341;22/10/2018;22/10/2018 10:32:30;;;0;185133;35175;220308;0;0;0;0;0;-;0;0;0;0;0;;;;0;;0;0;0;0;0;;;;0;;;;;
191;33;Del Giro;76145416-1;Gestora Hotelera S.P.A.;12345;22/10/2018;22/10/2018 10:32:30;;;0;143750;27313;171063;0;0;0;0;0;-;0;0;0;0;0;;;;0;;0;0;0;0;0;;;;0;;;;;
192;33;Del Giro;76450570-0;Francisco Carreño y Cia. Ltda.;12346;22/10/2018;22/10/2018 11:03:03;;;0;23980;4556;28536;0;0;0;0;0;-;0;0;0;0;0;;;;0;;0;0;0;0;0;;;;0;;;;;
193;33;Del Giro;76107064-9;Martika Cafe Inversiones Ltda.;12354;23/10/2018;23/10/2018 10:38:46;;;0;55600;10564;66164;0;0;0;0;0;-;0;0;0;0;0;;;;0;;0;0;0;0;0;;;;0;;;;;
194;33;Del Giro;76145416-1;Gestora Hotelera S.P.A.;12352;23/10/2018;23/10/2018 11:47:45;;;0;62960;11962;74922;0;0;0;0;0;-;0;0;0;0;0;;;;0;;0;0;0;0;0;;;;0;;;;;
195;33;Del Giro;76456687-4;Precision Eventos y Servicios Gastronomicos SPA;12351;23/10/2018;23/10/2018 12:07:14;;;0;66980;12726;79706;0;0;0;0;0;-;0;0;0;0;0;;;;0;;0;0;0;0;0;;;;0;;;;;
196;33;Del Giro;76089823-6;Comercial Fortunata SPA;12355;23/10/2018;23/10/2018 12:16:19;;;0;56970;10824;67794;0;0;0;0;0;-;0;0;0;0;0;;;;0;;0;0;0;0;0;;;;0;;;;;
197;33;Del Giro;76548047-7;Verde Menta Spa;12353;23/10/2018;23/10/2018 12:16:19;;;0;1880;357;2237;0;0;0;0;0;-;0;0;0;0;0;;;;0;;0;0;0;0;0;;;;0;;;;;
198;33;Del Giro;76450570-0;Francisco Carreño y Cia. Ltda.;12357;23/10/2018;23/10/2018 12:18:33;;;0;19200;3648;22848;0;0;0;0;0;-;0;0;0;0;0;;;;0;;0;0;0;0;0;;;;0;;;;;
199;33;Del Giro;76659122-1;La Popular Pizza y Pan SPA;12348;23/10/2018;23/10/2018 12:21:14;24/10/2018 11:38:32;;0;20830;3958;24788;0;0;0;0;0;-;0;0;0;0;0;;;;0;;0;0;0;0;0;;;;0;;;;;
200;33;Del Giro;76659122-1;La Popular Pizza y Pan SPA;12347;23/10/2018;23/10/2018 12:21:14;24/10/2018 11:38:32;;0;296198;56278;352476;0;0;0;0;0;-;0;0;0;0;0;;;;0;;0;0;0;0;0;;;;0;;;;;
201;33;Del Giro;76456687-4;Precision Eventos y Servicios Gastronomicos SPA;12350;23/10/2018;23/10/2018 12:29:43;;;0;261735;49730;311465;0;0;0;0;0;-;0;0;0;0;0;;;;0;;0;0;0;0;0;;;;0;;;;;
202;33;Del Giro;76522084-K;Inversiones Grupo CC SPA;12356;23/10/2018;23/10/2018 12:45:44;;;0;107500;20425;127925;0;0;0;0;0;-;0;0;0;0;0;;;;0;;0;0;0;0;0;;;;0;;;;;
203;33;Del Giro;76522084-K;Inversiones Grupo CC SPA;12359;23/10/2018;23/10/2018 12:45:44;;;0;80790;15350;96140;0;0;0;0;0;-;0;0;0;0;0;;;;0;;0;0;0;0;0;;;;0;;;;;
204;33;Del Giro;76522084-K;Inversiones Grupo CC SPA;12358;23/10/2018;23/10/2018 12:47:50;;;0;10820;2056;12876;0;0;0;0;0;-;0;0;0;0;0;;;;0;;0;0;0;0;0;;;;0;;;;;
205;33;Del Giro;7342561-1;Gloria De la Barrera Trucco;12349;23/10/2018;23/10/2018 13:01:57;;;0;15280;2903;18183;0;0;0;0;0;-;0;0;0;0;0;;;;0;;0;0;0;0;0;;;;0;;;;;
206;33;Del Giro;76481792-3;Helados Timaukel Spa;12303;23/10/2018;23/10/2018 14:24:06;;;0;138130;26245;164375;0;0;0;0;0;-;0;0;0;0;0;;;;0;;0;0;0;0;0;;;;0;;;;;
207;33;Del Giro;76456687-4;Precision Eventos y Servicios Gastronomicos SPA;12361;24/10/2018;24/10/2018 11:18:48;;;0;144040;27368;171408;0;0;0;0;0;-;0;0;0;0;0;;;;0;;0;0;0;0;0;;;;0;;;;;
208;33;Del Giro;76145416-1;Gestora Hotelera S.P.A.;12360;24/10/2018;24/10/2018 11:25:09;;;0;162330;30843;193173;0;0;0;0;0;-;0;0;0;0;0;;;;0;;0;0;0;0;0;;;;0;;;;;
209;33;Del Giro;76089823-6;Comercial Fortunata SPA;12362;24/10/2018;24/10/2018 11:29:58;;;0;110950;21081;132031;0;0;0;0;0;-;0;0;0;0;0;;;;0;;0;0;0;0;0;;;;0;;;;;
210;33;Del Giro;76450570-0;Francisco Carreño y Cia. Ltda.;12363;24/10/2018;24/10/2018 11:33:26;;;0;40925;7776;48701;0;0;0;0;0;-;0;0;0;0;0;;;;0;;0;0;0;0;0;;;;0;;;;;
211;33;Del Giro;72012000-3;Universidad Tecnologica de Chile;12365;24/10/2018;24/10/2018 11:45:24;;;0;112305;21338;133643;0;0;0;0;0;-;0;0;0;0;52;1691;;;0;;0;0;0;0;0;;;;0;;;;;
212;33;Del Giro;76456687-4;Precision Eventos y Servicios Gastronomicos SPA;12367;24/10/2018;24/10/2018 12:56:00;;;0;6800;1292;8092;0;0;0;0;0;-;0;0;0;0;0;;;;0;;0;0;0;0;0;;;;0;;;;;
213;33;Del Giro;76350197-3;Godoy y Huici Gourmet Ltda.;12364;24/10/2018;24/10/2018 13:01:23;;;0;221850;42152;264002;0;0;0;0;0;-;0;0;0;0;0;;;;0;;0;0;0;0;0;;;;0;;;;;
214;33;Del Giro;76795534-0;Brasserie CV spa;12366;24/10/2018;24/10/2018 13:01:23;;;0;4985;947;5932;0;0;0;0;0;-;0;0;0;0;0;;;;0;;0;0;0;0;0;;;;0;;;;;
215;61;Del Giro;76795534-0;Brasserie CV spa;1024;01/10/2018;01/10/2018 11:09:08;02/10/2018 11:30:21;;0;26026;4945;30971;0;0;0;0;0;-;0;0;0;0;33;12158;;;0;;0;0;0;0;0;;;;0;;;;;
216;61;Del Giro;76548047-7;Verde Menta Spa;1025;01/10/2018;01/10/2018 11:09:08;;;0;5940;1129;7069;0;0;0;0;0;-;0;0;0;0;33;12160;;;0;;0;0;0;0;0;;;;0;;;;;
217;61;Del Giro;76145416-1;Gestora Hotelera S.P.A.;1026;01/10/2018;01/10/2018 15:17:28;;;0;17640;3352;20992;0;0;0;0;0;-;0;0;0;0;33;12154;;;0;;0;0;0;0;0;;;;0;;;;;
218;61;Del Giro;76350197-3;Godoy y Huici Gourmet Ltda.;1027;02/10/2018;02/10/2018 13:55:01;;;0;33780;6418;40198;0;0;0;0;0;-;0;0;0;0;33;11825;;;0;;0;0;0;0;0;;;;0;;;;;
219;61;Del Giro;76089823-6;Comercial Fortunata SPA;1032;02/10/2018;03/10/2018 09:33:07;03/10/2018 14:23:35;;0;16620;3158;19778;0;0;0;0;0;-;0;0;0;0;33;12132;;;0;;0;0;0;0;0;;;;0;;;;;
220;61;Del Giro;76089823-6;Comercial Fortunata SPA;1033;02/10/2018;03/10/2018 09:37:46;03/10/2018 14:06:22;;0;235422;44730;280152;0;0;0;0;0;-;0;0;0;0;33;12167;;;0;;0;0;0;0;0;;;;0;;;;;
221;61;Del Giro;76450570-0;Francisco Carreño y Cia. Ltda.;1034;02/10/2018;03/10/2018 09:43:54;;;0;26390;5014;31404;0;0;0;0;0;-;0;0;0;0;33;12165;;;0;;0;0;0;0;0;;;;0;;;;;
222;61;Del Giro;76522084-K;Inversiones Grupo CC SPA;1035;03/10/2018;03/10/2018 14:21:52;;;0;728;138;866;0;0;0;0;0;-;0;0;0;0;33;12140;;;0;;0;0;0;0;0;;;;0;;;;;
223;61;Del Giro;76659122-1;La Popular Pizza y Pan SPA;1036;05/10/2018;06/10/2018 10:44:43;10/10/2018 09:43:11;;0;24900;4731;29631;0;0;0;0;0;-;0;0;0;0;33;12200;;;0;;0;0;0;0;0;;;;0;;;;;
224;61;Del Giro;76350197-3;Godoy y Huici Gourmet Ltda.;1037;06/10/2018;06/10/2018 10:51:19;;;0;77000;14630;91630;0;0;0;0;0;-;0;0;0;0;33;12204;;;0;;0;0;0;0;0;;;;0;;;;;
225;61;Del Giro;76145416-1;Gestora Hotelera S.P.A.;1038;06/10/2018;06/10/2018 11:00:28;;;0;930;177;1107;0;0;0;0;0;-;0;0;0;0;33;12197;;;0;;0;0;0;0;0;;;;0;;;;;
226;61;Del Giro;76456687-4;Precision Eventos y Servicios Gastronomicos SPA;1039;05/10/2018;06/10/2018 11:06:43;08/10/2018 11:28:50;;0;22620;4298;26918;0;0;0;0;0;-;0;0;0;0;33;12199;;;0;;0;0;0;0;0;;;;0;;;;;
227;61;Del Giro;76107064-9;Martika Cafe Inversiones Ltda.;1040;05/10/2018;06/10/2018 11:14:56;;;0;22000;4180;26180;0;0;0;0;0;-;0;0;0;0;33;12201;;;0;;0;0;0;0;0;;;;0;;;;;
228;61;Del Giro;76795534-0;Brasserie CV spa;1041;06/10/2018;08/10/2018 15:01:38;12/10/2018 14:59:06;;0;13920;2645;16565;0;0;0;0;0;-;0;0;0;0;33;12210;;;0;;0;0;0;0;0;;;;0;;;;;
229;61;Del Giro;76145416-1;Gestora Hotelera S.P.A.;1042;08/10/2018;08/10/2018 15:10:11;;;0;59130;11235;70365;0;0;0;0;0;-;0;0;0;0;33;12224;;;0;;0;0;0;0;0;;;;0;;;;;
230;61;Del Giro;96644100-3;Steward S. A.;1028;02/10/2018;10/10/2018 08:58:34;;;0;258920;49195;308115;0;0;0;0;0;-;0;0;0;0;33;12151;;;0;;0;0;0;0;0;;;;0;;;;;
231;61;Del Giro;96644100-3;Steward S. A.;1029;02/10/2018;10/10/2018 08:58:34;;;0;271857;51653;323510;0;0;0;0;0;-;0;0;0;0;33;12151;;;0;;0;0;0;0;0;;;;0;;;;;
232;61;Del Giro;96644100-3;Steward S. A.;1030;02/10/2018;10/10/2018 08:58:34;;;0;408185;77555;485740;0;0;0;0;0;-;0;0;0;0;33;12151;;;0;;0;0;0;0;0;;;;0;;;;;
233;61;Del Giro;96644100-3;Steward S. A.;1031;02/10/2018;10/10/2018 08:58:34;;;0;351312;66749;418061;0;0;0;0;0;-;0;0;0;0;33;12151;;;0;;0;0;0;0;0;;;;0;;;;;
234;61;Del Giro;76659122-1;La Popular Pizza y Pan SPA;1043;10/10/2018;10/10/2018 10:32:43;;;0;183990;34958;218948;0;0;0;0;0;-;0;0;0;0;33;12243;;;0;;0;0;0;0;0;;;;0;;;;;
235;61;Del Giro;76659122-1;La Popular Pizza y Pan SPA;1046;11/10/2018;11/10/2018 11:18:54;;;0;318420;60500;378920;0;0;0;0;0;-;0;0;0;0;33;12157;;;0;;0;0;0;0;0;;;;0;;;;;
236;61;Del Giro;76145416-1;Gestora Hotelera S.P.A.;1047;11/10/2018;12/10/2018 12:39:13;;;0;4752;903;5655;0;0;0;0;0;-;0;0;0;0;33;12253;;;0;;0;0;0;0;0;;;;0;;;;;
237;61;Del Giro;76145416-1;Gestora Hotelera S.P.A.;1048;12/10/2018;12/10/2018 12:56:19;;;0;4900;931;5831;0;0;0;0;0;-;0;0;0;0;33;12261;;;0;;0;0;0;0;0;;;;0;;;;;
238;61;Del Giro;76107064-9;Martika Cafe Inversiones Ltda.;1044;11/10/2018;13/10/2018 09:13:59;;;0;35970;6834;42804;0;0;0;0;0;-;0;0;0;0;33;12258;;;0;;0;0;0;0;0;;;;0;;;;;
239;61;Del Giro;76456687-4;Precision Eventos y Servicios Gastronomicos SPA;1045;11/10/2018;13/10/2018 10:18:18;;16/10/2018 19:05:52;0;139775;26557;166332;0;0;0;0;0;-;0;0;0;0;33;12252;;;0;;0;0;0;0;0;;;;0;;;;;
240;61;Del Giro;76522084-K;Inversiones Grupo CC SPA;1049;16/10/2018;16/10/2018 14:10:22;17/10/2018 12:17:32;;0;90910;17273;108183;0;0;0;0;0;-;0;0;0;0;33;12290;;;0;;0;0;0;0;0;;;;0;;;;;
241;61;Del Giro;76145416-1;Gestora Hotelera S.P.A.;1050;17/10/2018;18/10/2018 12:53:09;;;0;37860;7193;45053;0;0;0;0;0;-;0;0;0;0;33;12299;;;0;;0;0;0;0;0;;;;0;;;;;
242;61;Del Giro;76089823-6;Comercial Fortunata SPA;1052;19/10/2018;24/10/2018 13:30:17;;;0;6630;1260;7890;0;0;0;0;0;-;0;0;0;0;33;12326;;;0;;0;0;0;0;0;;;;0;;;;;
