2;33;Del Giro;83641100-5;AGROVET SPA;6323;01/10/2018;01/10/2018 08:25:04;02/10/2018 16:09:55;;0;90000;17100;107100;0;0;0;0;0;-;0;0;0;0;0;;;;0;;0;2;0;0;0;;;;0;;;;;
3;33;Del Giro;96676670-0;COMERCIAL CHRYSLER SSPA;6324;01/10/2018;01/10/2018 08:27:41;03/10/2018 14:31:43;;0;39500;7505;47005;0;0;0;0;0;-;0;0;0;0;0;;;;0;;0;2;0;0;0;;;;0;;;;;
4;33;Del Giro;76029524-8;COMERCIAL B Y F LIMITADA.;6325;01/10/2018;01/10/2018 08:37:51;;;0;20000;3800;23800;0;0;0;0;0;-;0;0;0;0;0;;;;0;;0;2;0;0;0;;;;0;;;;;
5;33;Del Giro;70016330-K;LOS HEROES C.C.A.F.;6326;01/10/2018;01/10/2018 08:56:58;;;0;1105000;209950;1314950;0;0;0;0;0;-;0;0;0;0;52;007879;;;0;;0;2;0;0;0;;;;0;;;;;
6;33;Del Giro;96690980-3;STARBUCKS COFFEE CHILE S.A.;6327;01/10/2018;01/10/2018 09:38:22;;;0;407000;77330;484330;0;0;0;0;0;-;0;0;0;0;;;;;0;;0;2;0;0;0;;;;0;;;;;
7;33;Del Giro;78208060-1;EMBALAJES COLOSO LTDA;6328;01/10/2018;01/10/2018 09:38:22;04/10/2018 13:15:01;;0;78000;14820;92820;0;0;0;0;0;-;0;0;0;0;0;;;;0;;0;2;0;0;0;;;;0;;;;;
8;33;Del Giro;96690980-3;STARBUCKS COFFEE CHILE S.A.;6329;01/10/2018;01/10/2018 10:01:15;;;0;900000;171000;1071000;0;0;0;0;0;-;0;0;0;0;;;;;0;;0;2;0;0;0;;;;0;;;;;
9;33;Del Giro;96797340-8;ASCENSORES OTIS CHILE LTDA.;6330;01/10/2018;01/10/2018 12:43:12;;;0;329000;62510;391510;0;0;0;0;0;-;0;0;0;0;;;;;0;;0;2;0;0;0;;;;0;;;;;
10;33;Del Giro;96928530-4;COMERCIAL AUTOMOTRIZ  SPA;6331;01/10/2018;01/10/2018 13:00:43;01/10/2018 13:05:30;;0;15000;2850;17850;0;0;0;0;0;-;0;0;0;0;0;;;;0;;0;2;0;0;0;;;;0;;;;;
11;33;Del Giro;8888690-9;MANUEL ANTONIO TRONCOSO SALDIVIA;6332;01/10/2018;01/10/2018 16:01:35;;;0;640000;121600;761600;0;0;0;0;0;-;0;0;0;0;0;;;;0;;0;2;0;0;0;;;;0;;;;;
12;33;Del Giro;76567756-4;TUMUGRAPHICS SPA;6333;01/10/2018;01/10/2018 17:21:32;;;0;350000;66500;416500;0;0;0;0;0;-;0;0;0;0;0;;;;0;;0;2;0;0;0;;;;0;;;;;
13;33;Del Giro;76951620-4;NEWREST CHILE SOPORTE LTDA;6334;02/10/2018;02/10/2018 08:16:26;04/10/2018 16:53:39;;0;96000;18240;114240;0;0;0;0;0;-;0;0;0;0;;;;;0;;0;2;0;0;0;;;;0;;;;;
14;33;Del Giro;96702560-7;MOVILES DE CHILE S.A.;6335;02/10/2018;02/10/2018 08:16:26;;;0;120000;22800;142800;0;0;0;0;0;-;0;0;0;0;0;;;;0;;0;2;0;0;0;;;;0;;;;;
15;33;Del Giro;76229870-8;PIERRE FABRE DERMO-COSMETIQUE CHILE LTDA.;6336;02/10/2018;02/10/2018 08:32:04;03/10/2018 14:32:23;;0;63000;11970;74970;0;0;0;0;0;-;0;0;0;0;52;007902;;;0;;0;2;0;0;0;;;;0;;;;;
16;33;Del Giro;93565000-3;ASCENSORES SCHINDLER (CHILE) S.A.;6337;02/10/2018;02/10/2018 08:40:47;;;0;99000;18810;117810;0;0;0;0;0;-;0;0;0;0;52;989;;;0;;0;2;0;0;0;;;;0;;;;;
17;33;Del Giro;93565000-3;ASCENSORES SCHINDLER (CHILE) S.A.;6338;02/10/2018;02/10/2018 08:40:47;;;0;24750;4703;29453;0;0;0;0;0;-;0;0;0;0;52;990;;;0;;0;2;0;0;0;;;;0;;;;;
18;33;Del Giro;93565000-3;ASCENSORES SCHINDLER (CHILE) S.A.;6339;02/10/2018;02/10/2018 09:12:32;;;0;18480;3511;21991;0;0;0;0;0;-;0;0;0;0;0;;;;0;;0;2;0;0;0;;;;0;;;;;
19;33;Del Giro;76168353-5;HIDALGO LOPEZ Y MORAGA SOC. LTDA.;6340;02/10/2018;02/10/2018 09:27:26;;;0;128000;24320;152320;0;0;0;0;0;-;0;0;0;0;0;;;;0;;0;2;0;0;0;;;;0;;;;;
20;33;Del Giro;76168353-5;HIDALGO LOPEZ Y MORAGA SOC. LTDA.;6341;02/10/2018;02/10/2018 09:33:23;;;0;106680;20269;126949;0;0;0;0;0;-;0;0;0;0;0;;;;0;;0;2;0;0;0;;;;0;;;;;
21;33;Del Giro;79560800-1;AG DE AD JULIO VENEGAS Y CIA LTDA.;6342;02/10/2018;02/10/2018 10:19:12;;;0;775000;147250;922250;0;0;0;0;0;-;0;0;0;0;0;;;;0;;0;2;0;0;0;;;;0;;;;;
22;33;Del Giro;93436000-1;DECAPACK;6343;02/10/2018;02/10/2018 10:25:36;05/10/2018 15:03:29;;0;130000;24700;154700;0;0;0;0;0;-;0;0;0;0;0;;;;0;;0;2;0;0;0;;;;0;;;;;
23;33;Del Giro;76229870-8;PIERRE FABRE DERMO-COSMETIQUE CHILE LTDA.;6344;02/10/2018;02/10/2018 10:31:50;03/10/2018 14:32:23;;0;63000;11970;74970;0;0;0;0;0;-;0;0;0;0;;;;;0;;0;2;0;0;0;;;;0;;;;;
24;33;Del Giro;80897600-5;CEMENTERIO METROPOLITANO LTDA.;6345;02/10/2018;02/10/2018 10:31:50;;;0;170080;32315;202395;0;0;0;0;0;-;0;0;0;0;;;;;0;;0;2;0;0;0;;;;0;;;;;
25;33;Del Giro;96989550-1;PUERTA ORIENTE S.A. ( LA MIGA);6346;02/10/2018;02/10/2018 11:19:11;;;0;164000;31160;195160;0;0;0;0;0;-;0;0;0;0;0;;;;0;;0;2;0;0;0;;;;0;;;;;
26;33;Del Giro;76510964-7;IDENTIDAD VISUAL SPA;6347;02/10/2018;02/10/2018 12:13:47;;;0;236800;44992;281792;0;0;0;0;0;-;0;0;0;0;0;;;;0;;0;2;0;0;0;;;;0;;;;;
27;33;Del Giro;76242231-K;DARTEL RANCAGUA LTDA.;6348;02/10/2018;02/10/2018 14:48:03;09/10/2018 12:34:26;;0;218916;41594;260510;0;0;0;0;0;-;0;0;0;0;;;;;0;;0;2;0;0;0;;;;0;;;;;
28;33;Del Giro;77099450-0;MIGUEL MANRIQUEZ Y CIA LIMITADA;6349;02/10/2018;02/10/2018 16:12:10;09/10/2018 10:01:44;;0;92000;17480;109480;0;0;0;0;0;-;0;0;0;0;0;;;;0;;0;2;0;0;0;;;;0;;;;;
29;33;Del Giro;96794440-8;HEAVENWARD ASCENSORES S A;6350;02/10/2018;02/10/2018 16:36:56;02/10/2018 19:11:54;;0;530000;100700;630700;0;0;0;0;0;-;0;0;0;0;0;;;;0;;0;2;0;0;0;;;;0;;;;;
30;33;Del Giro;77225460-1;LOS PARQUES S.A.;6351;03/10/2018;03/10/2018 08:31:48;;;0;2010000;381900;2391900;0;0;0;0;0;-;0;0;0;0;;;;;0;;0;2;0;0;0;;;;0;;;;;
31;33;Del Giro;83641100-5;AGROVET SPA;6352;03/10/2018;03/10/2018 08:34:21;05/10/2018 15:17:10;;0;807000;153330;960330;0;0;0;0;0;-;0;0;0;0;0;;;;0;;0;2;0;0;0;;;;0;;;;;
32;33;Del Giro;88855300-2;OTERO Y DOMINGUEZ LTDA.;6353;03/10/2018;03/10/2018 08:39:17;11/10/2018 18:22:05;;0;175000;33250;208250;0;0;0;0;0;-;0;0;0;0;0;;;;0;;0;2;0;0;0;;;;0;;;;;
33;33;Del Giro;71551500-8;UNIVERSIDAD SANTO TOMAS;6354;03/10/2018;03/10/2018 11:04:35;;;0;193200;36708;229908;0;0;0;0;0;-;0;0;0;0;;;;;0;;0;2;0;0;0;;;;0;;;;;
34;33;Del Giro;71551500-8;UNIVERSIDAD SANTO TOMAS;6355;03/10/2018;03/10/2018 11:04:35;;;0;492660;93605;586265;0;0;0;0;0;-;0;0;0;0;;;;;0;;0;2;0;0;0;;;;0;;;;;
35;33;Del Giro;71551500-8;UNIVERSIDAD SANTO TOMAS;6356;03/10/2018;03/10/2018 11:08:29;;;0;280140;53227;333367;0;0;0;0;0;-;0;0;0;0;;;;;0;;0;2;0;0;0;;;;0;;;;;
36;33;Del Giro;83641100-5;AGROVET SPA;6357;03/10/2018;03/10/2018 12:00:45;05/10/2018 15:17:09;;0;852300;161937;1014237;0;0;0;0;0;-;0;0;0;0;0;;;;0;;0;2;0;0;0;;;;0;;;;;
37;33;Del Giro;96797340-8;ASCENSORES OTIS CHILE LTDA.;6358;03/10/2018;03/10/2018 14:40:35;;;0;885000;168150;1053150;0;0;0;0;0;-;0;0;0;0;;;;;0;;0;2;0;0;0;;;;0;;;;;
38;33;Del Giro;76144690-8;INVERSIONES Y ASESORIAS ESTADO 50 LIMITADA;6359;03/10/2018;03/10/2018 14:42:38;;;0;113600;21584;135184;0;0;0;0;0;-;0;0;0;0;0;;;;0;;0;2;0;0;0;;;;0;;;;;
39;33;Del Giro;96797340-8;ASCENSORES OTIS CHILE LTDA.;6360;04/10/2018;04/10/2018 08:23:48;;;0;38000;7220;45220;0;0;0;0;0;-;0;0;0;0;;;;;0;;0;2;0;0;0;;;;0;;;;;
40;33;Del Giro;99567440-8;INTERSCREEN S.A.;6361;04/10/2018;04/10/2018 08:29:49;;;0;56800;10792;67592;0;0;0;0;0;-;0;0;0;0;0;;;;0;;0;2;0;0;0;;;;0;;;;;
41;33;Del Giro;76320451-0;A. DE ADUANAS FELIPE ESPINOSA R.GONZALO ESPINOSA R.YCIA.LTDA;6362;04/10/2018;04/10/2018 08:29:49;;;0;560000;106400;666400;0;0;0;0;0;-;0;0;0;0;0;;;;0;;0;2;0;0;0;;;;0;;;;;
42;33;Del Giro;3981913-9;GUSTAVO LAGOS LANDAURE;6363;04/10/2018;04/10/2018 08:32:30;;;0;190000;36100;226100;0;0;0;0;0;-;0;0;0;0;0;;;;0;;0;1;0;0;0;;;;0;;;;;
43;33;Del Giro;76823800-6;COMERCIAL E INVERSIONES AVI LTDA.;6364;04/10/2018;04/10/2018 08:39:25;;;0;210000;39900;249900;0;0;0;0;0;-;0;0;0;0;0;;;;0;;0;2;0;0;0;;;;0;;;;;
44;33;Del Giro;84694600-4;CENTRO DE FORMACION TECNICA SANTO TOMAS LTDA.;6365;04/10/2018;04/10/2018 09:05:14;;;0;280140;53227;333367;0;0;0;0;0;-;0;0;0;0;;;;;0;;0;2;0;0;0;;;;0;;;;;
45;33;Del Giro;87787700-0;INSTITUTO PROFESIONAL SANTO TOMAS LTDA.;6366;04/10/2018;04/10/2018 09:05:14;;;0;193200;36708;229908;0;0;0;0;0;-;0;0;0;0;;;;;0;;0;2;0;0;0;;;;0;;;;;
46;33;Del Giro;81348400-5;SKY CHEFS CHILE SPA;6367;04/10/2018;04/10/2018 09:48:16;;;0;113500;21565;135065;0;0;0;0;0;-;0;0;0;0;52;007907;;;0;;0;2;0;0;0;;;;0;;;;;
47;33;Del Giro;76581530-4;COMERCIAL CHILENA BRITANICA LIMITADA;6368;04/10/2018;04/10/2018 10:00:59;;;0;49000;9310;58310;0;0;0;0;0;-;0;0;0;0;0;;;;0;;0;1;0;0;0;;;;0;;;;;
48;33;Del Giro;81348400-5;SKY CHEFS CHILE SPA;6369;04/10/2018;04/10/2018 10:05:06;;;0;142500;27075;169575;0;0;0;0;0;-;0;0;0;0;52;007908;;;0;;0;2;0;0;0;;;;0;;;;;
49;33;Del Giro;81348400-5;SKY CHEFS CHILE SPA;6370;04/10/2018;04/10/2018 10:09:05;;;0;324292;61615;385907;0;0;0;0;0;-;0;0;0;0;52;007909;;;0;;0;2;0;0;0;;;;0;;;;;
50;33;Del Giro;77772620-K;COMERCIAL OUTDOOR SPORT LTDA.;6371;04/10/2018;04/10/2018 10:22:40;08/10/2018 16:22:00;;0;235200;44688;279888;0;0;0;0;0;-;0;0;0;0;;;;;0;;0;2;0;0;0;;;;0;;;;;
51;33;Del Giro;96702560-7;MOVILES DE CHILE S.A.;6372;04/10/2018;04/10/2018 12:40:51;12/10/2018 15:57:13;;0;400000;76000;476000;0;0;0;0;0;-;0;0;0;0;0;;;;0;;0;2;0;0;0;;;;0;;;;;
52;33;Del Giro;78877960-7;DIALISIS INTEGRAL REGIONAL LTDA;6373;04/10/2018;04/10/2018 12:51:36;;;0;13500;2565;16065;0;0;0;0;0;-;0;0;0;0;0;;;;0;;0;2;0;0;0;;;;0;;;;;
53;33;Del Giro;77151500-2;C.T.S INGENIERIA LTDA.;6374;04/10/2018;04/10/2018 12:51:36;;;0;144000;27360;171360;0;0;0;0;0;-;0;0;0;0;0;;;;0;;0;2;0;0;0;;;;0;;;;;
54;33;Del Giro;98000000-1;A.F.P. CAPITAL S.A.;6375;04/10/2018;04/10/2018 14:20:13;;;0;119400;22686;142086;0;0;0;0;0;-;0;0;0;0;52;007900;;;0;;0;2;0;0;0;;;;0;;;;;
55;33;Del Giro;78702420-3;CONFITES COOKIEMAN LTDA.;6376;04/10/2018;04/10/2018 15:00:12;;;0;1770000;336300;2106300;0;0;0;0;0;-;0;0;0;0;52;007910;;;0;;0;2;0;0;0;;;;0;;;;;
56;33;Del Giro;76336855-6;SUMMIT AGRO CHILE SPA;6377;04/10/2018;04/10/2018 15:17:11;;;0;8570000;1628300;10198300;0;0;0;0;0;-;0;0;0;0;52;007901;;;0;;0;2;0;0;0;;;;0;;;;;
57;33;Del Giro;76220117-8;EVENTOS PHOTOFEST LIMITADA;6378;04/10/2018;04/10/2018 15:20:34;;;0;100000;19000;119000;0;0;0;0;0;-;0;0;0;0;0;;;;0;;0;2;0;0;0;;;;0;;;;;
58;33;Del Giro;92814000-8;V.H. MANUFACTURA DE TUBOS DE ACERO S.A.;6379;04/10/2018;04/10/2018 15:28:05;;;0;43500;8265;51765;0;0;0;0;0;-;0;0;0;0;;;;;0;;0;2;0;0;0;;;;0;;;;;
59;33;Del Giro;76229870-8;PIERRE FABRE DERMO-COSMETIQUE CHILE LTDA.;6380;04/10/2018;04/10/2018 15:46:14;05/10/2018 11:22:06;;0;1419000;269610;1688610;0;0;0;0;0;-;0;0;0;0;52;007915;;;0;;0;2;0;0;0;;;;0;;;;;
60;33;Del Giro;76793554-4;TRANSAPP CHILE SPA;6381;04/10/2018;04/10/2018 15:54:56;;;0;318000;60420;378420;0;0;0;0;0;-;0;0;0;0;0;;;;0;;0;2;0;0;0;;;;0;;;;;
61;33;Del Giro;76336855-6;SUMMIT AGRO CHILE SPA;6382;04/10/2018;04/10/2018 16:18:23;;;0;615600;116964;732564;0;0;0;0;0;-;0;0;0;0;52;007916;;;0;;0;1;0;0;0;;;;0;;;;;
62;33;Del Giro;76073921-9;ESTRELLA SOLITARIA S.A;6383;05/10/2018;05/10/2018 08:17:11;05/10/2018 17:15:31;;0;484000;91960;575960;0;0;0;0;0;-;0;0;0;0;0;;;;0;;0;2;0;0;0;;;;0;;;;;
63;33;Del Giro;93565000-3;ASCENSORES SCHINDLER (CHILE) S.A.;6384;05/10/2018;05/10/2018 08:35:45;;;0;540000;102600;642600;0;0;0;0;0;-;0;0;0;0;52;992;;;0;;0;2;0;0;0;;;;0;;;;;
64;33;Del Giro;77151500-2;C.T.S INGENIERIA LTDA.;6385;05/10/2018;05/10/2018 08:58:05;;;0;118000;22420;140420;0;0;0;0;0;-;0;0;0;0;0;;;;0;;0;2;0;0;0;;;;0;;;;;
65;33;Del Giro;78360030-7;DARTEL ANTOFAGASTA LTDA.;6386;05/10/2018;05/10/2018 09:56:20;;;0;167520;31829;199349;0;0;0;0;0;-;0;0;0;0;;;;;0;;0;2;0;0;0;;;;0;;;;;
66;33;Del Giro;81826800-9;LOS ANDES C.C.A.F.;6387;05/10/2018;05/10/2018 17:33:11;;;0;1377500;261725;1639225;0;0;0;0;0;-;0;0;0;0;52;007870;;;0;;0;2;0;0;0;;;;0;;;;;
67;33;Del Giro;81826800-9;LOS ANDES C.C.A.F.;6388;05/10/2018;05/10/2018 17:37:22;;;0;268600;51034;319634;0;0;0;0;0;-;0;0;0;0;52;007899;;;0;;0;2;0;0;0;;;;0;;;;;
68;33;Del Giro;76567756-4;TUMUGRAPHICS SPA;6389;05/10/2018;05/10/2018 17:57:40;;;0;350000;66500;416500;0;0;0;0;0;-;0;0;0;0;0;;;;0;;0;2;0;0;0;;;;0;;;;;
69;33;Del Giro;71387800-6;SOCIEDAD CHILENA DE AUTORES E INTERPRETES MUSICALES;6390;08/10/2018;08/10/2018 09:13:45;;;0;55000;10450;65450;0;0;0;0;0;-;0;0;0;0;0;;;;0;;0;2;0;0;0;;;;0;;;;;
70;33;Del Giro;76320451-0;A. DE ADUANAS FELIPE ESPINOSA R.GONZALO ESPINOSA R.YCIA.LTDA;6391;08/10/2018;08/10/2018 11:18:23;;;0;760000;144400;904400;0;0;0;0;0;-;0;0;0;0;0;;;;0;;0;2;0;0;0;;;;0;;;;;
71;33;Del Giro;96938840-5;BLUE EXPRESS S.A.;6392;08/10/2018;08/10/2018 12:50:36;10/10/2018 14:37:27;;0;132500;25175;157675;0;0;0;0;0;-;0;0;0;0;52;007918;;;0;;0;2;0;0;0;;;;0;;;;;
72;33;Del Giro;4808311-0;CARLOS LEINENWEBER BRAVO;6393;08/10/2018;08/10/2018 12:50:36;10/10/2018 11:40:56;;0;573300;108927;682227;0;0;0;0;0;-;0;0;0;0;0;;;;0;;0;2;0;0;0;;;;0;;;;;
73;33;Del Giro;7721017-2;SERGIO ANTONIO TAPIA POBLETE;6394;08/10/2018;08/10/2018 12:50:36;;;0;21000;3990;24990;0;0;0;0;0;-;0;0;0;0;0;;;;0;;0;2;0;0;0;;;;0;;;;;
74;33;Del Giro;96797340-8;ASCENSORES OTIS CHILE LTDA.;6395;08/10/2018;08/10/2018 12:53:42;;;0;20250;3848;24098;0;0;0;0;0;-;0;0;0;0;;;;;0;;0;2;0;0;0;;;;0;;;;;
75;33;Del Giro;96938840-5;BLUE EXPRESS S.A.;6396;08/10/2018;08/10/2018 14:27:38;11/10/2018 17:22:33;;0;132500;25175;157675;0;0;0;0;0;-;0;0;0;0;52;007918;;;0;;0;2;0;0;0;;;;0;;;;;
76;33;Del Giro;76336855-6;SUMMIT AGRO CHILE SPA;6397;08/10/2018;08/10/2018 14:47:03;;;0;243800;46322;290122;0;0;0;0;0;-;0;0;0;0;0;;;;0;;0;1;0;0;0;;;;0;;;;;
77;33;Del Giro;76336855-6;SUMMIT AGRO CHILE SPA;6398;08/10/2018;08/10/2018 14:47:03;;;0;810000;153900;963900;0;0;0;0;0;-;0;0;0;0;0;;;;0;;0;2;0;0;0;;;;0;;;;;
78;33;Del Giro;76320451-0;A. DE ADUANAS FELIPE ESPINOSA R.GONZALO ESPINOSA R.YCIA.LTDA;6399;08/10/2018;08/10/2018 16:16:09;;;0;800000;152000;952000;0;0;0;0;0;-;0;0;0;0;0;;;;0;;0;2;0;0;0;;;;0;;;;;
79;33;Del Giro;77151500-2;C.T.S INGENIERIA LTDA.;6400;08/10/2018;08/10/2018 16:23:51;;;0;3250;618;3868;0;0;0;0;0;-;0;0;0;0;0;;;;0;;0;2;0;0;0;;;;0;;;;;
80;33;Del Giro;77116540-0;PERKIN ELMER CHILE LTDA.;6401;09/10/2018;09/10/2018 08:37:23;;;0;700000;133000;833000;0;0;0;0;0;-;0;0;0;0;52;007929;;;0;;0;2;0;0;0;;;;0;;;;;
81;33;Del Giro;86189800-8;EMPRESA DE TRANSPORTE TRANSERVI LIMITADA;6402;09/10/2018;09/10/2018 08:44:00;;;0;40000;7600;47600;0;0;0;0;0;-;0;0;0;0;0;;;;0;;0;2;0;0;0;;;;0;;;;;
82;33;Del Giro;87733200-4;MILPAL S.A.;6403;09/10/2018;09/10/2018 08:44:00;;;0;60000;11400;71400;0;0;0;0;0;-;0;0;0;0;0;;;;0;;0;2;0;0;0;;;;0;;;;;
83;33;Del Giro;85446500-7;TRANSPORTES RODEL LIMITADA;6404;09/10/2018;09/10/2018 08:44:00;;;0;40000;7600;47600;0;0;0;0;0;-;0;0;0;0;0;;;;0;;0;2;0;0;0;;;;0;;;;;
84;33;Del Giro;85816100-2;CALTEX S.A.;6405;09/10/2018;09/10/2018 08:44:00;;;0;40000;7600;47600;0;0;0;0;0;-;0;0;0;0;0;;;;0;;0;2;0;0;0;;;;0;;;;;
85;33;Del Giro;76951620-4;NEWREST CHILE SOPORTE LTDA;6406;09/10/2018;09/10/2018 08:46:00;12/10/2018 11:44:26;;0;160000;30400;190400;0;0;0;0;0;-;0;0;0;0;0;;;;0;;0;2;0;0;0;;;;0;;;;;
86;33;Del Giro;96861240-9;SKBERGE AUTOMOTRIZ SPA;6407;09/10/2018;09/10/2018 08:54:09;12/10/2018 12:34:08;;0;15000;2850;17850;0;0;0;0;0;-;0;0;0;0;0;;;;0;;0;2;0;0;0;;;;0;;;;;
87;33;Del Giro;77664990-2;AG DE AD FELIPE SERRANO SOLAR Y CIA LTDA.;6408;09/10/2018;09/10/2018 11:26:09;;;0;534000;101460;635460;0;0;0;0;0;-;0;0;0;0;0;;;;0;;0;2;0;0;0;;;;0;;;;;
88;33;Del Giro;4808311-0;CARLOS LEINENWEBER BRAVO;6409;09/10/2018;09/10/2018 15:53:17;12/10/2018 12:04:24;;0;191100;36309;227409;0;0;0;0;0;-;0;0;0;0;0;;;;0;;0;2;0;0;0;;;;0;;;;;
89;33;Del Giro;87749600-7;INGENIERÍA INTEGRAL FRAY JORGE S.A.;6410;09/10/2018;09/10/2018 16:02:30;;;0;423600;80484;504084;0;0;0;0;0;-;0;0;0;0;0;;;;0;;0;2;0;0;0;;;;0;;;;;
90;33;Del Giro;76320451-0;A. DE ADUANAS FELIPE ESPINOSA R.GONZALO ESPINOSA R.YCIA.LTDA;6411;09/10/2018;09/10/2018 16:06:19;;;0;390000;74100;464100;0;0;0;0;0;-;0;0;0;0;0;;;;0;;0;2;0;0;0;;;;0;;;;;
91;33;Del Giro;81407200-2;FABRICA DE CALZADOS GINO SA;6412;09/10/2018;09/10/2018 16:08:18;;;0;66250;12588;78838;0;0;0;0;0;-;0;0;0;0;0;;;;0;;0;2;0;0;0;;;;0;;;;;
92;33;Del Giro;96928530-4;COMERCIAL AUTOMOTRIZ  SPA;6413;09/10/2018;09/10/2018 16:08:18;09/10/2018 16:10:37;;0;236000;44840;280840;0;0;0;0;0;-;0;0;0;0;0;;;;0;;0;2;0;0;0;;;;0;;;;;
93;33;Del Giro;77466750-4;AG DE AD ANIBAL MOYA Y CIA LTDA.;6414;09/10/2018;09/10/2018 16:12:44;;;0;79000;15010;94010;0;0;0;0;0;-;0;0;0;0;0;;;;0;;0;2;0;0;0;;;;0;;;;;
94;33;Del Giro;77466750-4;AG DE AD ANIBAL MOYA Y CIA LTDA.;6415;09/10/2018;09/10/2018 16:12:44;;;0;240000;45600;285600;0;0;0;0;0;-;0;0;0;0;0;;;;0;;0;2;0;0;0;;;;0;;;;;
95;33;Del Giro;86915400-8;SEMBCORP AGUAS CHACABUCO S.A.;6416;09/10/2018;09/10/2018 16:19:54;;;0;322000;61180;383180;0;0;0;0;0;-;0;0;0;0;;;;;0;;0;2;0;0;0;;;;0;;;;;
96;33;Del Giro;76303510-7;SEMBCORP AGUAS LAMPA S.A;6417;09/10/2018;09/10/2018 16:19:54;;;0;105000;19950;124950;0;0;0;0;0;-;0;0;0;0;;;;;0;;0;2;0;0;0;;;;0;;;;;
97;33;Del Giro;96891890-7;SEMBCORP UTILITIES (CHILE) S.A;6418;09/10/2018;09/10/2018 16:19:54;;;0;28000;5320;33320;0;0;0;0;0;-;0;0;0;0;;;;;0;;0;2;0;0;0;;;;0;;;;;
98;33;Del Giro;96937580-K;SEMBCORP AGUAS SANTIAGO S.A.;6419;09/10/2018;09/10/2018 16:22:27;;;0;84000;15960;99960;0;0;0;0;0;-;0;0;0;0;;;;;0;;0;2;0;0;0;;;;0;;;;;
99;33;Del Giro;77664990-2;AG DE AD FELIPE SERRANO SOLAR Y CIA LTDA.;6420;10/10/2018;10/10/2018 08:21:49;;;0;512500;97375;609875;0;0;0;0;0;-;0;0;0;0;0;;;;0;;0;2;0;0;0;;;;0;;;;;
100;33;Del Giro;77664990-2;AG DE AD FELIPE SERRANO SOLAR Y CIA LTDA.;6421;10/10/2018;10/10/2018 08:39:57;;;0;474000;90060;564060;0;0;0;0;0;-;0;0;0;0;52;007930;;;0;;0;2;0;0;0;;;;0;;;;;
101;33;Del Giro;96797340-8;ASCENSORES OTIS CHILE LTDA.;6422;10/10/2018;10/10/2018 08:41:56;;;0;280000;53200;333200;0;0;0;0;0;-;0;0;0;0;;;;;0;;0;2;0;0;0;;;;0;;;;;
102;33;Del Giro;76029524-8;COMERCIAL B Y F LIMITADA.;6423;10/10/2018;10/10/2018 08:54:54;;;0;70000;13300;83300;0;0;0;0;0;-;0;0;0;0;0;;;;0;;0;2;0;0;0;;;;0;;;;;
103;33;Del Giro;76029524-8;COMERCIAL B Y F LIMITADA.;6424;10/10/2018;10/10/2018 08:54:54;;;0;10000;1900;11900;0;0;0;0;0;-;0;0;0;0;0;;;;0;;0;2;0;0;0;;;;0;;;;;
104;33;Del Giro;78225260-7;CASTILLO Y GUZMAN LIMITADA;6425;10/10/2018;10/10/2018 09:50:59;;;0;310000;58900;368900;0;0;0;0;0;-;0;0;0;0;0;;;;0;;0;2;0;0;0;;;;0;;;;;
105;33;Del Giro;76045842-2;MARIA JOSEFINA NUÑEZ FERNANDEZ PRODUCCIONES;6426;10/10/2018;10/10/2018 09:56:29;;;0;28000;5320;33320;0;0;0;0;0;-;0;0;0;0;0;;;;0;;0;2;0;0;0;;;;0;;;;;
106;33;Del Giro;81440500-1;ALVARO CASANOVA MAQUINARIAS LIMITADA.;6427;10/10/2018;10/10/2018 15:15:11;16/10/2018 16:40:43;;0;254500;48355;302855;0;0;0;0;0;-;0;0;0;0;0;;;;0;;0;2;0;0;0;;;;0;;;;;
107;33;Del Giro;76510964-7;IDENTIDAD VISUAL SPA;6428;10/10/2018;10/10/2018 15:37:16;;;0;183000;34770;217770;0;0;0;0;0;-;0;0;0;0;0;;;;0;;0;2;0;0;0;;;;0;;;;;
108;33;Del Giro;83568200-5;SIMMA SA;6429;10/10/2018;10/10/2018 15:43:02;;;0;8000;1520;9520;0;0;0;0;0;-;0;0;0;0;;;;;0;;0;2;0;0;0;;;;0;;;;;
109;33;Del Giro;76510964-7;IDENTIDAD VISUAL SPA;6430;10/10/2018;10/10/2018 15:43:02;;;0;25000;4750;29750;0;0;0;0;0;-;0;0;0;0;0;;;;0;;0;2;0;0;0;;;;0;;;;;
110;33;Del Giro;93565000-3;ASCENSORES SCHINDLER (CHILE) S.A.;6431;10/10/2018;10/10/2018 17:35:07;;;0;793000;150670;943670;0;0;0;0;0;-;0;0;0;0;52;994;;;0;;0;2;0;0;0;;;;0;;;;;
111;33;Del Giro;93565000-3;ASCENSORES SCHINDLER (CHILE) S.A.;6432;10/10/2018;10/10/2018 17:35:07;;;0;68000;12920;80920;0;0;0;0;0;-;0;0;0;0;52;985;;;0;;0;2;0;0;0;;;;0;;;;;
112;33;Del Giro;93565000-3;ASCENSORES SCHINDLER (CHILE) S.A.;6433;10/10/2018;10/10/2018 17:38:01;;;0;18480;3511;21991;0;0;0;0;0;-;0;0;0;0;52;986;;;0;;0;2;0;0;0;;;;0;;;;;
113;33;Del Giro;93565000-3;ASCENSORES SCHINDLER (CHILE) S.A.;6434;10/10/2018;10/10/2018 17:38:01;;;0;75000;14250;89250;0;0;0;0;0;-;0;0;0;0;52;977;;;0;;0;2;0;0;0;;;;0;;;;;
114;33;Del Giro;93565000-3;ASCENSORES SCHINDLER (CHILE) S.A.;6435;10/10/2018;10/10/2018 17:38:01;;;0;24000;4560;28560;0;0;0;0;0;-;0;0;0;0;52;982;;;0;;0;2;0;0;0;;;;0;;;;;
115;33;Del Giro;93565000-3;ASCENSORES SCHINDLER (CHILE) S.A.;6436;10/10/2018;10/10/2018 17:40:43;;;0;245000;46550;291550;0;0;0;0;0;-;0;0;0;0;52;988;;;0;;0;2;0;0;0;;;;0;;;;;
116;33;Del Giro;93565000-3;ASCENSORES SCHINDLER (CHILE) S.A.;6437;10/10/2018;10/10/2018 17:40:43;;;0;270000;51300;321300;0;0;0;0;0;-;0;0;0;0;52;987;;;0;;0;2;0;0;0;;;;0;;;;;
117;33;Del Giro;93565000-3;ASCENSORES SCHINDLER (CHILE) S.A.;6438;10/10/2018;10/10/2018 17:40:43;;;0;47000;8930;55930;0;0;0;0;0;-;0;0;0;0;52;991;;;0;;0;2;0;0;0;;;;0;;;;;
118;33;Del Giro;77466750-4;AG DE AD ANIBAL MOYA Y CIA LTDA.;6439;11/10/2018;11/10/2018 08:15:52;;;0;220000;41800;261800;0;0;0;0;0;-;0;0;0;0;0;;;;0;;0;2;0;0;0;;;;0;;;;;
119;33;Del Giro;76355730-8;TELEC ARRIENDO DE MAQUINARIA LTDA.;6440;11/10/2018;11/10/2018 08:15:52;11/10/2018 13:24:44;;0;56000;10640;66640;0;0;0;0;0;-;0;0;0;0;0;;;;0;;0;2;0;0;0;;;;0;;;;;
120;33;Del Giro;83641100-5;AGROVET SPA;6441;11/10/2018;11/10/2018 08:18:29;11/10/2018 14:14:49;;0;192000;36480;228480;0;0;0;0;0;-;0;0;0;0;0;;;;0;;0;2;0;0;0;;;;0;;;;;
121;33;Del Giro;76134151-0;DONALDSON CHILE LIMITADA;6442;11/10/2018;11/10/2018 08:21:31;;;0;16000;3040;19040;0;0;0;0;0;-;0;0;0;0;0;;;;0;;0;2;0;0;0;;;;0;;;;;
122;33;Del Giro;76810547-2;RENTA NUEVA SANTA MARIA SPA;6443;11/10/2018;11/10/2018 08:21:31;;;0;80000;15200;95200;0;0;0;0;0;-;0;0;0;0;0;;;;0;;0;2;0;0;0;;;;0;;;;;
123;33;Del Giro;96607770-0;COMERCIAL  VENSER S.A;6444;11/10/2018;11/10/2018 08:21:31;12/10/2018 16:11:05;;0;160000;30400;190400;0;0;0;0;0;-;0;0;0;0;0;;;;0;;0;2;0;0;0;;;;0;;;;;
124;33;Del Giro;96806110-0;DARTEL S.A.;6445;11/10/2018;11/10/2018 08:25:09;11/10/2018 17:10:33;;0;705600;134064;839664;0;0;0;0;0;-;0;0;0;0;;;;;0;;0;2;0;0;0;;;;0;;;;;
125;33;Del Giro;80536800-4;LARRAIN PRIETO RISOPATRON S.A.;6446;11/10/2018;11/10/2018 08:51:51;;;0;228800;43472;272272;0;0;0;0;0;-;0;0;0;0;;;;;0;;0;2;0;0;0;;;;0;;;;;
126;33;Del Giro;80585900-8;MAQUIMETAL LTDA.;6447;11/10/2018;11/10/2018 09:22:46;12/10/2018 12:14:26;;0;275000;52250;327250;0;0;0;0;0;-;0;0;0;0;0;;;;0;;0;2;0;0;0;;;;0;;;;;
127;33;Del Giro;76384660-1;SOCIEDAD COMERCIAL PEDRO ESCOBAR Y CIA.;6448;11/10/2018;11/10/2018 11:04:25;;;0;1200000;228000;1428000;0;0;0;0;0;-;0;0;0;0;0;;;;0;;0;2;0;0;0;;;;0;;;;;
128;33;Del Giro;76650680-1;SALMONES AYSÉN S.A.;6449;11/10/2018;11/10/2018 11:58:17;;;0;86500;16435;102935;0;0;0;0;0;-;0;0;0;0;0;;;;0;;0;2;0;0;0;;;;0;;;;;
129;33;Del Giro;76510150-6;INGENIERIA Y CONSTRUCCION ELECTRICA SINEC S.A.;6450;11/10/2018;11/10/2018 12:27:18;17/10/2018 11:06:03;;0;465000;88350;553350;0;0;0;0;0;-;0;0;0;0;0;;;;0;;0;2;0;0;0;;;;0;;;;;
130;33;Del Giro;96606310-6;BREDENMASTER SPA;6451;11/10/2018;11/10/2018 14:09:10;;;0;480000;91200;571200;0;0;0;0;0;-;0;0;0;0;;;;;0;;0;2;0;0;0;;;;0;;;;;
131;33;Del Giro;76360678-3;HOTELERA CORDILLERA LUZ SPA;6452;11/10/2018;11/10/2018 14:11:25;16/10/2018 16:29:08;;0;80000;15200;95200;0;0;0;0;0;-;0;0;0;0;;;;;0;;0;2;0;0;0;;;;0;;;;;
132;33;Del Giro;80706200-K;PATRICIO OTERO F. Y COMPAÑIA LIMITADA;6453;11/10/2018;11/10/2018 14:11:25;;;0;82600;15694;98294;0;0;0;0;0;-;0;0;0;0;0;;;;0;;0;2;0;0;0;;;;0;;;;;
133;33;Del Giro;76847657-8;MN SERVICIOS GRAFICOS SPA;6454;11/10/2018;11/10/2018 16:50:25;;;0;30000;5700;35700;0;0;0;0;0;-;0;0;0;0;0;;;;0;;0;2;0;0;0;;;;0;;;;;
134;33;Del Giro;76513688-1;COMERCIALIZADORA DE ALIMENTOS CORACHI SPA.;6455;12/10/2018;12/10/2018 08:16:58;12/10/2018 11:44:35;;0;2890800;549252;3440052;0;0;0;0;0;-;0;0;0;0;0;;;;0;;0;2;0;0;0;;;;0;;;;;
135;33;Del Giro;96928530-4;COMERCIAL AUTOMOTRIZ  SPA;6456;12/10/2018;12/10/2018 08:20:05;12/10/2018 08:24:06;;0;320000;60800;380800;0;0;0;0;0;-;0;0;0;0;0;;;;0;;0;2;0;0;0;;;;0;;;;;
136;33;Del Giro;96364000-5;M M C   CHILE S.A;6457;12/10/2018;12/10/2018 08:20:05;17/10/2018 09:37:15;;0;351000;66690;417690;0;0;0;0;0;-;0;0;0;0;0;;;;0;;0;2;0;0;0;;;;0;;;;;
137;33;Del Giro;96364000-5;M M C   CHILE S.A;6458;12/10/2018;12/10/2018 08:25:42;17/10/2018 08:58:55;;0;168000;31920;199920;0;0;0;0;0;-;0;0;0;0;0;;;;0;;0;2;0;0;0;;;;0;;;;;
138;33;Del Giro;96928530-4;COMERCIAL AUTOMOTRIZ  SPA;6459;12/10/2018;12/10/2018 08:25:42;12/10/2018 08:28:41;;0;720000;136800;856800;0;0;0;0;0;-;0;0;0;0;0;;;;0;;0;2;0;0;0;;;;0;;;;;
139;33;Del Giro;77772620-K;COMERCIAL OUTDOOR SPORT LTDA.;6460;12/10/2018;12/10/2018 08:31:13;12/10/2018 10:24:42;;0;400000;76000;476000;0;0;0;0;0;-;0;0;0;0;;;;;0;;0;2;0;0;0;;;;0;;;;;
140;33;Del Giro;76336855-6;SUMMIT AGRO CHILE SPA;6461;12/10/2018;12/10/2018 08:40:42;;;0;4650750;883643;5534393;0;0;0;0;0;-;0;0;0;0;52;007922;;;0;;0;2;0;0;0;;;;0;;;;;
141;33;Del Giro;76016379-1;ESRI  CHILE  TRAINING S.A;6462;12/10/2018;12/10/2018 08:52:26;12/10/2018 11:21:09;;0;159200;30248;189448;0;0;0;0;0;-;0;0;0;0;0;;;;0;;0;2;0;0;0;;;;0;;;;;
142;33;Del Giro;76336855-6;SUMMIT AGRO CHILE SPA;6463;12/10/2018;12/10/2018 08:56:29;;;0;5440000;1033600;6473600;0;0;0;0;0;-;0;0;0;0;52;007903;;;0;;0;1;0;0;0;;;;0;;;;;
143;33;Del Giro;78702420-3;CONFITES COOKIEMAN LTDA.;6464;12/10/2018;12/10/2018 09:09:36;;;0;1770000;336300;2106300;0;0;0;0;0;-;0;0;0;0;;;;;0;;0;2;0;0;0;;;;0;;;;;
144;33;Del Giro;77151500-2;C.T.S INGENIERIA LTDA.;6465;12/10/2018;12/10/2018 11:08:27;;;0;56100;10659;66759;0;0;0;0;0;-;0;0;0;0;0;;;;0;;0;2;0;0;0;;;;0;;;;;
145;33;Del Giro;76031071-9;SALCOBRAND S.A.;6466;12/10/2018;12/10/2018 12:10:49;;;0;48000;9120;57120;0;0;0;0;0;-;0;0;0;0;0;;;;0;;0;2;0;0;0;;;;0;;;;;
146;33;Del Giro;76029524-8;COMERCIAL B Y F LIMITADA.;6467;12/10/2018;12/10/2018 14:26:50;;;0;20000;3800;23800;0;0;0;0;0;-;0;0;0;0;0;;;;0;;0;2;0;0;0;;;;0;;;;;
147;33;Del Giro;96769810-5;YUDIGAR CHILE SA.;6468;16/10/2018;16/10/2018 08:25:41;;;0;235200;44688;279888;0;0;0;0;0;-;0;0;0;0;0;;;;0;;0;2;0;0;0;;;;0;;;;;
148;33;Del Giro;76650680-1;SALMONES AYSÉN S.A.;6469;16/10/2018;16/10/2018 08:25:41;;;0;76000;14440;90440;0;0;0;0;0;-;0;0;0;0;0;;;;0;;0;2;0;0;0;;;;0;;;;;
149;33;Del Giro;78566250-4;PROMEDON CHILE S.A.;6470;16/10/2018;16/10/2018 08:46:58;;;0;58800;11172;69972;0;0;0;0;0;-;0;0;0;0;0;;;;0;;0;2;0;0;0;;;;0;;;;;
150;33;Del Giro;96690980-3;STARBUCKS COFFEE CHILE S.A.;6471;16/10/2018;16/10/2018 08:53:52;;;0;12000;2280;14280;0;0;0;0;0;-;0;0;0;0;0;;;;0;;0;2;0;0;0;;;;0;;;;;
151;33;Del Giro;80526300-8;KYCHENTHAL INDUSTRIAL Y COMERCIAL S.A.;6472;16/10/2018;16/10/2018 09:01:03;;;0;65000;12350;77350;0;0;0;0;0;-;0;0;0;0;;;;;0;;0;2;0;0;0;;;;0;;;;;
152;33;Del Giro;96702560-7;MOVILES DE CHILE S.A.;6473;16/10/2018;16/10/2018 12:36:59;17/10/2018 11:39:47;;0;90000;17100;107100;0;0;0;0;0;-;0;0;0;0;0;;;;0;;0;2;0;0;0;;;;0;;;;;
153;33;Del Giro;83568200-5;SIMMA SA;6474;16/10/2018;16/10/2018 14:43:48;19/10/2018 13:57:00;;0;24000;4560;28560;0;0;0;0;0;-;0;0;0;0;;;;;0;;0;2;0;0;0;;;;0;;;;;
154;33;Del Giro;83568200-5;SIMMA SA;6475;16/10/2018;16/10/2018 14:47:26;19/10/2018 13:56:58;;0;24000;4560;28560;0;0;0;0;0;-;0;0;0;0;52;007860;;;0;;0;2;0;0;0;;;;0;;;;;
155;33;Del Giro;93565000-3;ASCENSORES SCHINDLER (CHILE) S.A.;6476;16/10/2018;16/10/2018 15:04:02;;;0;1642500;312075;1954575;0;0;0;0;0;-;0;0;0;0;52;997;;;0;;0;2;0;0;0;;;;0;;;;;
156;33;Del Giro;77247870-4;HECTOR QUINTEROS Y CIA. LTDA.;6477;16/10/2018;16/10/2018 15:17:23;;;0;165000;31350;196350;0;0;0;0;0;-;0;0;0;0;0;;;;0;;0;2;0;0;0;;;;0;;;;;
157;33;Del Giro;96946650-3;CENTRO DE CONVENCIONES SANTIAGO S.A.( ESPACIO RIESCO);6478;16/10/2018;16/10/2018 15:17:23;;;0;448500;85215;533715;0;0;0;0;0;-;0;0;0;0;0;;;;0;;0;2;0;0;0;;;;0;;;;;
158;33;Del Giro;81348400-5;SKY CHEFS CHILE SPA;6479;16/10/2018;16/10/2018 16:15:58;;;0;123500;23465;146965;0;0;0;0;0;-;0;0;0;0;52;007907;;;0;;0;2;0;0;0;;;;0;;;;;
159;33;Del Giro;81348400-5;SKY CHEFS CHILE SPA;6480;16/10/2018;16/10/2018 16:24:30;;;0;2900;551;3451;0;0;0;0;0;-;0;0;0;0;52;007909;;;0;;0;2;0;0;0;;;;0;;;;;
160;33;Del Giro;11108989-2;GABRIEL ALEJANDRO COLLANTES GUERRA;6481;16/10/2018;16/10/2018 16:37:04;;;0;414000;78660;492660;0;0;0;0;0;-;0;0;0;0;0;;;;0;;0;2;0;0;0;;;;0;;;;;
161;33;Del Giro;81407200-2;FABRICA DE CALZADOS GINO SA;6482;17/10/2018;17/10/2018 08:21:04;;;0;790000;150100;940100;0;0;0;0;0;-;0;0;0;0;0;;;;0;;0;2;0;0;0;;;;0;;;;;
162;33;Del Giro;96500950-7;SITRANS SERVICIOS INTEGRADOS DE TRANSPORTE LIMITADA;6483;17/10/2018;17/10/2018 08:21:04;;17/10/2018 13:23:40;0;117000;22230;139230;0;0;0;0;0;-;0;0;0;0;0;;;;0;;0;2;0;0;0;;;;0;;;;;
163;33;Del Giro;81407200-2;FABRICA DE CALZADOS GINO SA;6484;17/10/2018;17/10/2018 08:21:04;;;0;45000;8550;53550;0;0;0;0;0;-;0;0;0;0;0;;;;0;;0;2;0;0;0;;;;0;;;;;
164;33;Del Giro;76710628-9;IMPRENTA SERGIO H. VILLEGAS CHAVARRIA E.I.R.L.;6485;17/10/2018;17/10/2018 09:28:03;;;0;150000;28500;178500;0;0;0;0;0;-;0;0;0;0;0;;;;0;;0;2;0;0;0;;;;0;;;;;
165;33;Del Giro;76029524-8;COMERCIAL B Y F LIMITADA.;6486;17/10/2018;17/10/2018 11:20:42;;;0;30000;5700;35700;0;0;0;0;0;-;0;0;0;0;0;;;;0;;0;2;0;0;0;;;;0;;;;;
166;33;Del Giro;76029524-8;COMERCIAL B Y F LIMITADA.;6487;17/10/2018;17/10/2018 11:20:42;;;0;80000;15200;95200;0;0;0;0;0;-;0;0;0;0;0;;;;0;;0;2;0;0;0;;;;0;;;;;
167;33;Del Giro;70016330-K;LOS HEROES C.C.A.F.;6488;17/10/2018;17/10/2018 11:53:18;;;0;2390819;454256;2845075;0;0;0;0;0;-;0;0;0;0;52;007934;;;0;;0;2;0;0;0;;;;0;;;;;
168;33;Del Giro;81348400-5;SKY CHEFS CHILE SPA;6489;17/10/2018;17/10/2018 12:30:08;;;0;145500;27645;173145;0;0;0;0;0;-;0;0;0;0;52;007908;;;0;;0;2;0;0;0;;;;0;;;;;
169;33;Del Giro;80706200-K;PATRICIO OTERO F. Y COMPAÑIA LIMITADA;6490;17/10/2018;17/10/2018 14:23:19;;;0;99800;18962;118762;0;0;0;0;0;-;0;0;0;0;0;;;;0;;0;2;0;0;0;;;;0;;;;;
170;33;Del Giro;96928530-4;COMERCIAL AUTOMOTRIZ  SPA;6491;17/10/2018;17/10/2018 14:23:19;17/10/2018 14:27:34;;0;645000;122550;767550;0;0;0;0;0;-;0;0;0;0;0;;;;0;;0;2;0;0;0;;;;0;;;;;
171;33;Del Giro;81440500-1;ALVARO CASANOVA MAQUINARIAS LIMITADA.;6492;17/10/2018;17/10/2018 16:50:04;17/10/2018 18:04:23;;0;101000;19190;120190;0;0;0;0;0;-;0;0;0;0;;;;;0;;0;2;0;0;0;;;;0;;;;;
172;33;Del Giro;86486100-8;CECINAS BAVARIA LIMITADA;6493;18/10/2018;18/10/2018 08:13:02;;;0;17500;3325;20825;0;0;0;0;0;-;0;0;0;0;;;;;0;;0;2;0;0;0;;;;0;;;;;
173;33;Del Giro;86486100-8;CECINAS BAVARIA LIMITADA;6494;18/10/2018;18/10/2018 08:17:40;;;0;118400;22496;140896;0;0;0;0;0;-;0;0;0;0;;;;;0;;0;2;0;0;0;;;;0;;;;;
174;33;Del Giro;86486100-8;CECINAS BAVARIA LIMITADA;6495;18/10/2018;18/10/2018 08:17:40;;;0;69000;13110;82110;0;0;0;0;0;-;0;0;0;0;;;;;0;;0;2;0;0;0;;;;0;;;;;
175;33;Del Giro;89218600-6;AG DE AD JORGE STEIN Y CIA LTDA.;6496;18/10/2018;18/10/2018 08:35:18;18/10/2018 09:49:11;;0;470000;89300;559300;0;0;0;0;0;-;0;0;0;0;52;007942;;;0;;0;2;0;0;0;;;;0;;;;;
176;33;Del Giro;86486100-8;CECINAS BAVARIA LIMITADA;6497;18/10/2018;18/10/2018 08:44:44;;;0;331200;62928;394128;0;0;0;0;0;-;0;0;0;0;;;;;0;;0;2;0;0;0;;;;0;;;;;
177;33;Del Giro;91066000-4;CARBOMET ENERGIA S.A.;6498;18/10/2018;18/10/2018 09:13:52;19/10/2018 16:18:20;;0;150000;28500;178500;0;0;0;0;0;-;0;0;0;0;;;;;0;;0;2;0;0;0;;;;0;;;;;
178;33;Del Giro;76445219-4;IMPORTADORA Y EXPORTADORA EUROPAPER CHILE LTDA.;6499;18/10/2018;18/10/2018 10:37:18;;;0;23340;4435;27775;0;0;0;0;0;-;0;0;0;0;0;;;;0;;0;2;0;0;0;;;;0;;;;;
179;33;Del Giro;78874090-5;PERI CHILE LIMITADA;6500;18/10/2018;18/10/2018 11:51:24;;;0;887160;168560;1055720;0;0;0;0;0;-;0;0;0;0;0;;;;0;;0;2;0;0;0;;;;0;;;;;
180;33;Del Giro;83641100-5;AGROVET SPA;6501;18/10/2018;18/10/2018 14:53:37;19/10/2018 14:44:48;;0;84000;15960;99960;0;0;0;0;0;-;0;0;0;0;;;;;0;;0;2;0;0;0;;;;0;;;;;
181;33;Del Giro;83641100-5;AGROVET SPA;6502;18/10/2018;18/10/2018 14:53:37;19/10/2018 14:44:48;;0;52000;9880;61880;0;0;0;0;0;-;0;0;0;0;0;;;;0;;0;2;0;0;0;;;;0;;;;;
182;33;Del Giro;96722460-K;METROGAS S.A;6503;18/10/2018;18/10/2018 15:03:24;;;0;81300;15447;96747;0;0;0;0;0;-;0;0;0;0;52;999;;;0;;0;2;0;0;0;;;;0;;;;;
183;33;Del Giro;96722460-K;METROGAS S.A;6504;18/10/2018;18/10/2018 15:03:24;;;0;133500;25365;158865;0;0;0;0;0;-;0;0;0;0;52;993;;;0;;0;2;0;0;0;;;;0;;;;;
184;33;Del Giro;76510964-7;IDENTIDAD VISUAL SPA;6505;18/10/2018;18/10/2018 15:18:36;;;0;175000;33250;208250;0;0;0;0;0;-;0;0;0;0;0;;;;0;;0;2;0;0;0;;;;0;;;;;
185;33;Del Giro;76040171-4;SKBERGE LOGISTICA SPA;6506;18/10/2018;18/10/2018 15:48:15;22/10/2018 12:29:17;;0;400000;76000;476000;0;0;0;0;0;-;0;0;0;0;52;007814;;;0;;0;2;0;0;0;;;;0;;;;;
186;33;Del Giro;96937580-K;SEMBCORP AGUAS SANTIAGO S.A.;6507;18/10/2018;18/10/2018 16:12:00;;;0;43500;8265;51765;0;0;0;0;0;-;0;0;0;0;;;;;0;;0;2;0;0;0;;;;0;;;;;
187;33;Del Giro;96364000-5;M M C   CHILE S.A;6508;18/10/2018;18/10/2018 16:12:00;22/10/2018 11:13:33;;0;128000;24320;152320;0;0;0;0;0;-;0;0;0;0;0;;;;0;;0;2;0;0;0;;;;0;;;;;
188;33;Del Giro;71387800-6;SOCIEDAD CHILENA DE AUTORES E INTERPRETES MUSICALES;6509;19/10/2018;19/10/2018 12:20:24;22/10/2018 11:43:02;;0;66700;12673;79373;0;0;0;0;0;-;0;0;0;0;;;;;0;;0;2;0;0;0;;;;0;;;;;
189;33;Del Giro;76220117-8;EVENTOS PHOTOFEST LIMITADA;6510;19/10/2018;19/10/2018 12:32:57;;;0;126000;23940;149940;0;0;0;0;0;-;0;0;0;0;0;;;;0;;0;2;0;0;0;;;;0;;;;;
190;33;Del Giro;76710628-9;IMPRENTA SERGIO H. VILLEGAS CHAVARRIA E.I.R.L.;6511;19/10/2018;19/10/2018 15:18:25;;;0;80000;15200;95200;0;0;0;0;0;-;0;0;0;0;0;;;;0;;0;2;0;0;0;;;;0;;;;;
191;33;Del Giro;77116540-0;PERKIN ELMER CHILE LTDA.;6512;19/10/2018;19/10/2018 16:09:18;23/10/2018 09:22:28;;0;327500;62225;389725;0;0;0;0;0;-;0;0;0;0;52;007945;;;0;;0;2;0;0;0;;;;0;;;;;
192;33;Del Giro;76101745-4;SOCIEDAD COMERCIAL BENZI LIMITADA;6513;22/10/2018;22/10/2018 08:24:14;;;0;130000;24700;154700;0;0;0;0;0;-;0;0;0;0;0;;;;0;;0;2;0;0;0;;;;0;;;;;
193;33;Del Giro;96364000-5;M M C   CHILE S.A;6514;22/10/2018;22/10/2018 08:24:14;22/10/2018 09:36:15;;0;688000;130720;818720;0;0;0;0;0;-;0;0;0;0;0;;;;0;;0;2;0;0;0;;;;0;;;;;
194;33;Del Giro;76029524-8;COMERCIAL B Y F LIMITADA.;6515;22/10/2018;22/10/2018 10:08:30;;;0;50000;9500;59500;0;0;0;0;0;-;0;0;0;0;0;;;;0;;0;2;0;0;0;;;;0;;;;;
195;33;Del Giro;76029524-8;COMERCIAL B Y F LIMITADA.;6516;22/10/2018;22/10/2018 10:08:30;;;0;30000;5700;35700;0;0;0;0;0;-;0;0;0;0;0;;;;0;;0;2;0;0;0;;;;0;;;;;
196;33;Del Giro;52000557-9;GEEME COMUNICACIONES EIRL;6517;22/10/2018;22/10/2018 11:18:45;;;0;28000;5320;33320;0;0;0;0;0;-;0;0;0;0;0;;;;0;;0;2;0;0;0;;;;0;;;;;
197;33;Del Giro;76336855-6;SUMMIT AGRO CHILE SPA;6518;22/10/2018;22/10/2018 11:39:45;;;0;180000;34200;214200;0;0;0;0;0;-;0;0;0;0;52;007949;;;0;;0;2;0;0;0;;;;0;;;;;
198;33;Del Giro;76168353-5;HIDALGO LOPEZ Y MORAGA SOC. LTDA.;6519;22/10/2018;22/10/2018 11:43:48;;;0;203600;38684;242284;0;0;0;0;0;-;0;0;0;0;0;;;;0;;0;2;0;0;0;;;;0;;;;;
199;33;Del Giro;87749600-7;INGENIERÍA INTEGRAL FRAY JORGE S.A.;6520;22/10/2018;22/10/2018 11:59:20;;;0;71000;13490;84490;0;0;0;0;0;-;0;0;0;0;;;;;0;;0;2;0;0;0;;;;0;;;;;
200;33;Del Giro;76850389-3;CHILOMBIA DISTRIBUICIONES SPA;6521;22/10/2018;22/10/2018 14:05:12;;;0;82000;15580;97580;0;0;0;0;0;-;0;0;0;0;0;;;;0;;0;2;0;0;0;;;;0;;;;;
201;33;Del Giro;76850389-3;CHILOMBIA DISTRIBUICIONES SPA;6522;22/10/2018;22/10/2018 14:05:12;;;0;192000;36480;228480;0;0;0;0;0;-;0;0;0;0;0;;;;0;;0;2;0;0;0;;;;0;;;;;
202;33;Del Giro;76510964-7;IDENTIDAD VISUAL SPA;6523;22/10/2018;22/10/2018 14:42:49;;;0;700000;133000;833000;0;0;0;0;0;-;0;0;0;0;0;;;;0;;0;2;0;0;0;;;;0;;;;;
203;33;Del Giro;76545598-7;CHILIS GASTROCOCINA SUR SPA;6524;22/10/2018;22/10/2018 14:52:56;;;0;12000;2280;14280;0;0;0;0;0;-;0;0;0;0;0;;;;0;;0;2;0;0;0;;;;0;;;;;
204;33;Del Giro;81407200-2;FABRICA DE CALZADOS GINO SA;6525;23/10/2018;23/10/2018 08:28:48;;;0;538000;102220;640220;0;0;0;0;0;-;0;0;0;0;;;;;0;;0;2;0;0;0;;;;0;;;;;
205;33;Del Giro;96580060-3;ADEXUS S.A.;6526;23/10/2018;23/10/2018 08:33:17;;;0;214480;40751;255231;0;0;0;0;0;-;0;0;0;0;;;;;0;;0;2;0;0;0;;;;0;;;;;
206;33;Del Giro;76574680-9;NOVAGUAS S.A.;6527;23/10/2018;23/10/2018 14:12:43;;;0;244000;46360;290360;0;0;0;0;0;-;0;0;0;0;0;;;;0;;0;2;0;0;0;;;;0;;;;;
207;33;Del Giro;76457912-7;AT-PAC CHILE.SPA;6528;23/10/2018;23/10/2018 14:16:01;;;0;157600;29944;187544;0;0;0;0;0;-;0;0;0;0;0;;;;0;;0;2;0;0;0;;;;0;;;;;
208;33;Del Giro;99557710-0;MAQUIPAN SERVICIO TECNICO S.A;6529;23/10/2018;23/10/2018 14:16:01;;;0;213750;40613;254363;0;0;0;0;0;-;0;0;0;0;;;;;0;;0;2;0;0;0;;;;0;;;;;
209;33;Del Giro;83568200-5;SIMMA SA;6530;23/10/2018;23/10/2018 16:16:51;;;0;64000;12160;76160;0;0;0;0;0;-;0;0;0;0;;;;;0;;0;2;0;0;0;;;;0;;;;;
210;33;Del Giro;77466750-4;AG DE AD ANIBAL MOYA Y CIA LTDA.;6531;23/10/2018;23/10/2018 16:31:34;;;0;780000;148200;928200;0;0;0;0;0;-;0;0;0;0;;;;;0;;0;2;0;0;0;;;;0;;;;;
211;33;Del Giro;81826800-9;LOS ANDES C.C.A.F.;6532;23/10/2018;23/10/2018 17:03:54;;;0;540000;102600;642600;0;0;0;0;0;-;0;0;0;0;52;007921;;;0;;0;2;0;0;0;;;;0;;;;;
212;33;Del Giro;76220117-8;EVENTOS PHOTOFEST LIMITADA;6533;23/10/2018;23/10/2018 17:07:46;;;0;95000;18050;113050;0;0;0;0;0;-;0;0;0;0;0;;;;0;;0;2;0;0;0;;;;0;;;;;
213;33;Del Giro;99523020-8;SMURFIT KAPPA DE CHILE S.A.;6534;24/10/2018;24/10/2018 08:23:13;;;0;118000;22420;140420;0;0;0;0;0;-;0;0;0;0;52;007957;;;0;;0;2;0;0;0;;;;0;;;;;
214;33;Del Giro;96797340-8;ASCENSORES OTIS CHILE LTDA.;6535;24/10/2018;24/10/2018 08:26:17;;;0;55000;10450;65450;0;0;0;0;0;-;0;0;0;0;;;;;0;;0;2;0;0;0;;;;0;;;;;
215;33;Del Giro;76823800-6;COMERCIAL E INVERSIONES AVI LTDA.;6536;24/10/2018;24/10/2018 08:28:16;;;0;344000;65360;409360;0;0;0;0;0;-;0;0;0;0;0;;;;0;;0;2;0;0;0;;;;0;;;;;
216;33;Del Giro;96862140-8;AMECO CHILE SA;6537;24/10/2018;24/10/2018 08:30:46;;;0;1475000;280250;1755250;0;0;0;0;0;-;0;0;0;0;0;;;;0;;0;2;0;0;0;;;;0;;;;;
217;33;Del Giro;71551500-8;UNIVERSIDAD SANTO TOMAS;6538;24/10/2018;24/10/2018 09:15:39;;;0;90000;17100;107100;0;0;0;0;0;-;0;0;0;0;;;;;0;;0;2;0;0;0;;;;0;;;;;
218;33;Del Giro;96797340-8;ASCENSORES OTIS CHILE LTDA.;6539;24/10/2018;24/10/2018 09:23:14;;;0;280000;53200;333200;0;0;0;0;0;-;0;0;0;0;52;7889;;;0;;0;2;0;0;0;;;;0;;;;;
219;33;Del Giro;86400400-8;DISTRIBUIDORA DE ALIMENTOS S.A.;6540;24/10/2018;24/10/2018 10:00:50;;;0;937500;178125;1115625;0;0;0;0;0;-;0;0;0;0;;;;;0;;0;2;0;0;0;;;;0;;;;;
220;33;Del Giro;76820371-7;MANUFACTURAS DE COBRE SPA;6541;24/10/2018;24/10/2018 10:37:40;;;0;177000;33630;210630;0;0;0;0;0;-;0;0;0;0;;;;;0;;0;2;0;0;0;;;;0;;;;;
221;33;Del Giro;76820371-7;MANUFACTURAS DE COBRE SPA;6542;24/10/2018;24/10/2018 10:37:40;;;0;21000;3990;24990;0;0;0;0;0;-;0;0;0;0;;;;;0;;0;2;0;0;0;;;;0;;;;;
222;33;Del Giro;77466750-4;AG DE AD ANIBAL MOYA Y CIA LTDA.;6543;24/10/2018;24/10/2018 13:53:09;;;0;490000;93100;583100;0;0;0;0;0;-;0;0;0;0;;;;;0;;0;2;0;0;0;;;;0;;;;;
223;33;Del Giro;77438690-4;PROMOCIONES TRADE MARKETING LTDA;6544;24/10/2018;24/10/2018 14:18:49;;;0;146000;27740;173740;0;0;0;0;0;-;0;0;0;0;0;;;;0;;0;2;0;0;0;;;;0;;;;;
224;33;Del Giro;76510964-7;IDENTIDAD VISUAL SPA;6545;24/10/2018;24/10/2018 14:29:25;;;0;358000;68020;426020;0;0;0;0;0;-;0;0;0;0;;;;;0;;0;2;0;0;0;;;;0;;;;;
225;33;Del Giro;76510964-7;IDENTIDAD VISUAL SPA;6546;24/10/2018;24/10/2018 14:31:55;;;0;390000;74100;464100;0;0;0;0;0;-;0;0;0;0;;;;;0;;0;2;0;0;0;;;;0;;;;;
226;33;Del Giro;77138160-K;BAEZ Y BARGELLINI IMPRESORES LTDA;6547;24/10/2018;24/10/2018 14:37:40;;;0;190000;36100;226100;0;0;0;0;0;-;0;0;0;0;0;;;;0;;0;2;0;0;0;;;;0;;;;;
227;33;Del Giro;78536950-5;SERVICIOS MULTIVENDING LTDA;6548;24/10/2018;24/10/2018 17:31:16;;;0;336600;63954;400554;0;0;0;0;0;-;0;0;0;0;52;007958;;;0;;0;2;0;0;0;;;;0;;;;;
228;33;Del Giro;78536950-5;SERVICIOS MULTIVENDING LTDA;6549;24/10/2018;24/10/2018 17:36:15;;;0;287500;54625;342125;0;0;0;0;0;-;0;0;0;0;52;007963;;;0;;0;2;0;0;0;;;;0;;;;;
229;33;Del Giro;78566250-4;PROMEDON CHILE S.A.;6550;24/10/2018;24/10/2018 17:40:04;;;0;310000;58900;368900;0;0;0;0;0;-;0;0;0;0;0;;;;0;;0;2;0;0;0;;;;0;;;;;
230;33;Del Giro;7756138-2;RODRIGO SAGUEZ PERALTA;6551;24/10/2018;24/10/2018 17:40:04;;;0;635500;120745;756245;0;0;0;0;0;-;0;0;0;0;0;;;;0;;0;2;0;0;0;;;;0;;;;;
231;33;Del Giro;96995020-0;SURA CHILE S.A.;6552;24/10/2018;24/10/2018 17:51:37;;;0;101500;19285;120785;0;0;0;0;0;-;0;0;0;0;52;007926;;;0;;0;2;0;0;0;;;;0;;;;;
232;33;Del Giro;98000000-1;A.F.P. CAPITAL S.A.;6553;24/10/2018;24/10/2018 17:54:52;;;0;99000;18810;117810;0;0;0;0;0;-;0;0;0;0;52;007939;;;0;;0;2;0;0;0;;;;0;;;;;
233;56;Del Giro;96500950-7;SITRANS SERVICIOS INTEGRADOS DE TRANSPORTE LIMITADA;202;19/10/2018;19/10/2018 09:24:39;;;0;28800;5472;34272;0;0;0;0;0;-;0;0;0;0;61;443;;;0;;0;1;0;0;0;;;;0;;;;;
234;61;Del Giro;8888690-9;MANUEL ANTONIO TRONCOSO SALDIVIA;432;01/10/2018;01/10/2018 16:46:31;;;0;640000;121600;761600;0;0;0;0;0;-;0;0;0;0;33;6332;;;0;;0;1;0;0;0;;;;0;;;;;
235;61;Del Giro;76229870-8;PIERRE FABRE DERMO-COSMETIQUE CHILE LTDA.;433;02/10/2018;02/10/2018 10:25:36;03/10/2018 14:32:23;;0;63000;11970;74970;0;0;0;0;0;-;0;0;0;0;33;6336;;;0;;0;1;0;0;0;;;;0;;;;;
236;61;Del Giro;71551500-8;UNIVERSIDAD SANTO TOMAS;434;04/10/2018;04/10/2018 08:25:44;;;0;193200;36708;229908;0;0;0;0;0;-;0;0;0;0;33;6354;;;0;;0;1;0;0;0;;;;0;;;;;
237;61;Del Giro;71551500-8;UNIVERSIDAD SANTO TOMAS;435;04/10/2018;04/10/2018 08:25:44;;;0;280140;53227;333367;0;0;0;0;0;-;0;0;0;0;33;6356;;;0;;0;1;0;0;0;;;;0;;;;;
238;61;Del Giro;77151500-2;C.T.S INGENIERIA LTDA.;436;05/10/2018;05/10/2018 08:55:32;;;0;144000;27360;171360;0;0;0;0;0;-;0;0;0;0;33;6374;;;0;;0;1;0;0;0;;;;0;;;;;
239;61;Del Giro;96938840-5;BLUE EXPRESS S.A.;437;08/10/2018;08/10/2018 14:27:38;10/10/2018 14:37:27;;0;132500;25175;157675;0;0;0;0;0;-;0;0;0;0;33;6392;;;0;;0;1;0;0;0;;;;0;;;;;
240;61;Del Giro;96928530-4;COMERCIAL AUTOMOTRIZ  SPA;438;09/10/2018;09/10/2018 08:49:04;;;0;15000;2850;17850;0;0;0;0;0;-;0;0;0;0;33;6331;;;0;;0;1;0;0;0;;;;0;;;;;
241;61;Del Giro;76510150-6;INGENIERIA Y CONSTRUCCION ELECTRICA SINEC S.A.;439;12/10/2018;12/10/2018 10:38:56;17/10/2018 11:06:03;;0;17850;3392;21242;0;0;0;0;0;-;0;0;0;0;33;6450;;;0;;0;1;0;0;0;;;;0;;;;;
242;61;Del Giro;81348400-5;SKY CHEFS CHILE SPA;440;16/10/2018;16/10/2018 15:58:16;;;0;113500;21565;135065;0;0;0;0;0;-;0;0;0;0;33;6367;;;0;;0;1;0;0;0;;;;0;;;;;
243;61;Del Giro;81348400-5;SKY CHEFS CHILE SPA;441;16/10/2018;16/10/2018 15:58:16;;;0;142500;27075;169575;0;0;0;0;0;-;0;0;0;0;33;6369;;;0;;0;1;0;0;0;;;;0;;;;;
244;61;Del Giro;81348400-5;SKY CHEFS CHILE SPA;442;16/10/2018;16/10/2018 15:58:16;;;0;324292;61615;385907;0;0;0;0;0;-;0;0;0;0;33;6370;;;0;;0;1;0;0;0;;;;0;;;;;
245;61;Del Giro;96500950-7;SITRANS SERVICIOS INTEGRADOS DE TRANSPORTE LIMITADA;443;17/10/2018;17/10/2018 10:53:42;;17/10/2018 13:23:40;0;28800;5472;34272;0;0;0;0;0;-;0;0;0;0;33;6483;;;0;;0;1;0;0;0;;;;0;;;;;
246;61;Del Giro;77099450-0;MIGUEL MANRIQUEZ Y CIA LIMITADA;444;18/10/2018;18/10/2018 15:24:13;;;0;4600;874;5474;0;0;0;0;0;-;0;0;0;0;33;6349;;;0;;0;1;0;0;0;;;;0;;;;;
247;61;Del Giro;76040171-4;SKBERGE LOGISTICA S.A;445;18/10/2018;18/10/2018 15:39:24;;;0;400000;76000;476000;0;0;0;0;0;-;0;0;0;0;33;6091;;;0;;0;1;0;0;0;;;;0;;;;;
248;61;Del Giro;76320451-0;A. DE ADUANAS FELIPE ESPINOSA R.GONZALO ESPINOSA R.YCIA.LTDA;446;19/10/2018;19/10/2018 12:29:29;;;0;5000;950;5950;0;0;0;0;0;-;0;0;0;0;33;6399;;;0;;0;1;0;0;0;;;;0;;;;;
249;61;Del Giro;76320451-0;A. DE ADUANAS FELIPE ESPINOSA R.GONZALO ESPINOSA R.YCIA.LTDA;447;19/10/2018;19/10/2018 12:29:29;;;0;2500;475;2975;0;0;0;0;0;-;0;0;0;0;33;6391;;;0;;0;1;0;0;0;;;;0;;;;;
250;61;Del Giro;96690980-3;STARBUCKS COFFEE CHILE S.A.;448;22/10/2018;22/10/2018 14:47:20;;;0;12000;2280;14280;0;0;0;0;0;-;0;0;0;0;33;6471;;;0;;0;1;0;0;0;;;;0;;;;;
